"group","recommendation","keeper_handle","archive_candidates","reason","variant_sets_match","color_sets_match","size_sets_match","image_url_sets_match","variant_only_on_nonkeeper","sitemap_notes","redirect_notes","product_1_handle","product_1_title","product_1_product_id","product_1_created_at","product_1_status","product_1_orders","product_1_units_sold","product_1_gross_sales","product_1_currency","product_1_inventory","product_1_variant_count","product_1_colors","product_1_sizes","product_1_sku_patterns","product_1_price_range","product_1_image_count","product_1_image_urls","product_1_vendor","product_1_fulfillment_services","product_1_provider_tags","product_1_in_sitemap","product_1_redirect_entries","product_2_handle","product_2_title","product_2_product_id","product_2_created_at","product_2_status","product_2_orders","product_2_units_sold","product_2_gross_sales","product_2_currency","product_2_inventory","product_2_variant_count","product_2_colors","product_2_sizes","product_2_sku_patterns","product_2_price_range","product_2_image_count","product_2_image_urls","product_2_vendor","product_2_fulfillment_services","product_2_provider_tags","product_2_in_sitemap","product_2_redirect_entries","product_3_handle","product_3_title","product_3_product_id","product_3_created_at","product_3_status","product_3_orders","product_3_units_sold","product_3_gross_sales","product_3_currency","product_3_inventory","product_3_variant_count","product_3_colors","product_3_sizes","product_3_sku_patterns","product_3_price_range","product_3_image_count","product_3_image_urls","product_3_vendor","product_3_fulfillment_services","product_3_provider_tags","product_3_in_sitemap","product_3_redirect_entries"
"1 love shirt","KEEP BOTH","1-love-shirt","","Same normalized title, but image URLs, variant sets, and SKU families differ; treat as distinct offers until artwork/provider intent is manually confirmed.","false","false","true","false","1-love-shirt-1: Athletic Heather | S |  | 1-love-shirt-1: Athletic Heather | M |  | 1-love-shirt-1: Athletic Heather | L |  | 1-love-shirt-1: Athletic Heather | XL |  | 1-love-shirt-1: Athletic Heather | 2XL |  | 1-love-shirt-1: White | S |  | 1-love-shirt-1: White | M |  | 1-love-shirt-1: White | L |  | 1-love-shirt-1: White | XL |  | 1-love-shirt-1: White | 2XL | ","1-love-shirt:yes | 1-love-shirt-1:no","1-love-shirt:/product/6597132025920  /product/1-love-shirt  301! | /product/6621011673152  /product/1-love-shirt  301! | /product/1-love-shirt-1  /product/1-love-shirt  301! || 1-love-shirt-1:/product/1-love-shirt-1  /product/1-love-shirt  301!","1-love-shirt","1 Love shirt","gid://shopify/Product/6597132025920","2022-03-10T11:36:34-06:00","active","0","0","0.00","","349965","35","Red | Yellow | Pink | Light Blue | Ash | True Royal | Kelly","S | M | L | XL | 2XL","8379974","36","7","https://cdn.shopify.com/s/files/1/0095/8257/5680/products/unisex-staple-t-shirt-ash-front-622a371a1a6cf.jpg | https://cdn.shopify.com/s/files/1/0095/8257/5680/products/unisex-staple-t-shirt-red-front-622a371a1c208.jpg | https://cdn.shopify.com/s/files/1/0095/8257/5680/products/unisex-staple-t-shirt-true-royal-front-622a371a1c615.jpg | https://cdn.shopify.com/s/files/1/0095/8257/5680/products/unisex-staple-t-shirt-kelly-front-622a371a1cbaa.jpg | https://cdn.shopify.com/s/files/1/0095/8257/5680/products/unisex-staple-t-shirt-pink-front-622a371a1d3d0.jpg | https://cdn.shopify.com/s/files/1/0095/8257/5680/products/unisex-staple-t-shirt-light-blue-front-622a371a1e378.jpg | https://cdn.shopify.com/s/files/1/0095/8257/5680/products/unisex-staple-t-shirt-yellow-front-622a371a1f7bb.jpg","MyShirtsDope.com","manual","","true","/product/6597132025920  /product/1-love-shirt  301! | /product/6621011673152  /product/1-love-shirt  301! | /product/1-love-shirt-1  /product/1-love-shirt  301!","1-love-shirt-1","1 Love shirt","gid://shopify/Product/6621011673152","2022-08-07T23:34:29-05:00","active","0","0","0.00","","349965","35","Red | True Royal | Kelly | Pink | Athletic Heather | Yellow | White","S | M | L | XL | 2XL","7646543","36","7","https://cdn.shopify.com/s/files/1/0095/8257/5680/products/unisex-staple-t-shirt-athletic-heather-front-62f0924f3ba72.jpg | https://cdn.shopify.com/s/files/1/0095/8257/5680/products/unisex-staple-t-shirt-red-front-62f0924f3e3ff.jpg | https://cdn.shopify.com/s/files/1/0095/8257/5680/products/unisex-staple-t-shirt-true-royal-front-62f0924f3e938.jpg | https://cdn.shopify.com/s/files/1/0095/8257/5680/products/unisex-staple-t-shirt-kelly-front-62f0924f3f39c.jpg | https://cdn.shopify.com/s/files/1/0095/8257/5680/products/unisex-staple-t-shirt-pink-front-62f0924f3fff5.jpg | https://cdn.shopify.com/s/files/1/0095/8257/5680/products/unisex-staple-t-shirt-yellow-front-62f0924f41234.jpg | https://cdn.shopify.com/s/files/1/0095/8257/5680/products/unisex-staple-t-shirt-white-front-62f0924f42839.jpg","MyShirtsDope.com","manual","","false","/product/1-love-shirt-1  /product/1-love-shirt  301!","","","","","","","","","","","","","","","","","","","","","",""
"all for the money hoodie","KEEP BOTH","all-for-the-money-hoodie","","Same normalized title, but image URLs, variant sets, and SKU families differ; treat as distinct offers until artwork/provider intent is manually confirmed.","false","false","false","false","all-for-the-money-hoodie-1: True Royal | S |  | all-for-the-money-hoodie-1: True Royal | M |  | all-for-the-money-hoodie-1: True Royal | L |  | all-for-the-money-hoodie-1: True Royal | XL |  | all-for-the-money-hoodie-1: Kelly | S |  | all-for-the-money-hoodie-1: Kelly | M |  | all-for-the-money-hoodie-1: Kelly | L |  | all-for-the-money-hoodie-1: Kelly | XL |  | all-for-the-money-hoodie-1: Athletic Heather | S |  | all-for-the-money-hoodie-1: Athletic Heather | M |  | all-for-the-money-hoodie-1: Athletic Heather | L |  | all-for-the-money-hoodie-1: Athletic Heather | XL | ","all-for-the-money-hoodie:yes | all-for-the-money-hoodie-1:no","all-for-the-money-hoodie:/product/6614213132352  /product/all-for-the-money-hoodie  301! | /product/6614213591104  /product/all-for-the-money-hoodie  301! | /product/all-for-the-money-hoodie-1  /product/all-for-the-money-hoodie  301! || all-for-the-money-hoodie-1:/product/all-for-the-money-hoodie-1  /product/all-for-the-money-hoodie  301!","all-for-the-money-hoodie","All For The Money hoodie","gid://shopify/Product/6614213132352","2022-07-22T14:55:57-05:00","active","0","0","0.00","","349965","35","Red | Indigo Blue | Irish Green | Sport Grey | Light Blue | Light Pink | White","S | M | L | XL | 2XL","4423754","60","7","https://cdn.shopify.com/s/files/1/0095/8257/5680/products/unisex-heavy-blend-hoodie-sport-grey-front-62db00c452c0f.jpg | https://cdn.shopify.com/s/files/1/0095/8257/5680/products/unisex-heavy-blend-hoodie-red-front-62db00c45a62c.jpg | https://cdn.shopify.com/s/files/1/0095/8257/5680/products/unisex-heavy-blend-hoodie-indigo-blue-front-62db00c45ab40.jpg | https://cdn.shopify.com/s/files/1/0095/8257/5680/products/unisex-heavy-blend-hoodie-irish-green-front-62db00c45b36b.jpg | https://cdn.shopify.com/s/files/1/0095/8257/5680/products/unisex-heavy-blend-hoodie-light-blue-front-62db00c45d772.jpg | https://cdn.shopify.com/s/files/1/0095/8257/5680/products/unisex-heavy-blend-hoodie-light-pink-front-62db00c45f105.jpg | https://cdn.shopify.com/s/files/1/0095/8257/5680/products/unisex-heavy-blend-hoodie-white-front-62db00c462211.jpg","MyShirtsDope.com","manual","","true","/product/6614213132352  /product/all-for-the-money-hoodie  301! | /product/6614213591104  /product/all-for-the-money-hoodie  301! | /product/all-for-the-money-hoodie-1  /product/all-for-the-money-hoodie  301!","all-for-the-money-hoodie-1","All For The Money hoodie","gid://shopify/Product/6614213591104","2022-07-22T14:58:08-05:00","active","0","0","0.00","","199980","20","Red | True Royal | Kelly | Athletic Heather | White","S | M | L | XL","1077953","30","5","https://cdn.shopify.com/s/files/1/0095/8257/5680/products/youth-staple-tee-athletic-heather-front-62db014e13ae3.jpg | https://cdn.shopify.com/s/files/1/0095/8257/5680/products/youth-staple-tee-red-front-62db014e14248.jpg | https://cdn.shopify.com/s/files/1/0095/8257/5680/products/youth-staple-tee-true-royal-front-62db014e1431d.jpg | https://cdn.shopify.com/s/files/1/0095/8257/5680/products/youth-staple-tee-kelly-front-62db014e14411.jpg | https://cdn.shopify.com/s/files/1/0095/8257/5680/products/youth-staple-tee-white-front-62db014e14550.jpg","MyShirtsDope.com","manual","","false","/product/all-for-the-money-hoodie-1  /product/all-for-the-money-hoodie  301!","","","","","","","","","","","","","","","","","","","","","",""
"all i need loyalty shirt","KEEP BOTH","all-i-need-loyalty-shirt","","Same normalized title, but image URLs, variant sets, and SKU families differ; treat as distinct offers until artwork/provider intent is manually confirmed.","false","false","false","false","","all-i-need-loyalty-shirt:yes | all-i-need-loyalty-shirt-1:no","all-i-need-loyalty-shirt:/product/6613176156224  /product/all-i-need-loyalty-shirt  301! | /product/6613181071424  /product/all-i-need-loyalty-shirt  301! | /product/all-i-need-loyalty-shirt-1  /product/all-i-need-loyalty-shirt  301! || all-i-need-loyalty-shirt-1:/product/all-i-need-loyalty-shirt-1  /product/all-i-need-loyalty-shirt  301!","all-i-need-loyalty-shirt","All I Need Loyalty shirt","gid://shopify/Product/6613176156224","2022-07-19T23:18:15-05:00","active","0","0","0.00","","349965","35","Red | True Royal | Kelly | Pink | Athletic Heather | Yellow | White","S | M | L | XL | 2XL","1526511","36","7","https://cdn.shopify.com/s/files/1/0095/8257/5680/products/unisex-staple-t-shirt-athletic-heather-front-62d782025ba9c.jpg | https://cdn.shopify.com/s/files/1/0095/8257/5680/products/unisex-staple-t-shirt-red-front-62d782025fe45.jpg | https://cdn.shopify.com/s/files/1/0095/8257/5680/products/unisex-staple-t-shirt-true-royal-front-62d7820260340.jpg | https://cdn.shopify.com/s/files/1/0095/8257/5680/products/unisex-staple-t-shirt-kelly-front-62d7820260c5b.jpg | https://cdn.shopify.com/s/files/1/0095/8257/5680/products/unisex-staple-t-shirt-pink-front-62d7820261731.jpg | https://cdn.shopify.com/s/files/1/0095/8257/5680/products/unisex-staple-t-shirt-yellow-front-62d78202629f4.jpg | https://cdn.shopify.com/s/files/1/0095/8257/5680/products/unisex-staple-t-shirt-white-front-62d7820264746.jpg","MyShirtsDope.com","manual","","true","/product/6613176156224  /product/all-i-need-loyalty-shirt  301! | /product/6613181071424  /product/all-i-need-loyalty-shirt  301! | /product/all-i-need-loyalty-shirt-1  /product/all-i-need-loyalty-shirt  301!","all-i-need-loyalty-shirt-1","All I Need Loyalty shirt","gid://shopify/Product/6613181071424","2022-07-19T23:28:59-05:00","active","0","0","0.00","","199980","20","Red | True Royal | Kelly | Athletic Heather | White","S | M | L | XL","9330700","30","5","https://cdn.shopify.com/s/files/1/0095/8257/5680/products/youth-staple-tee-athletic-heather-front-62d7848888384.jpg | https://cdn.shopify.com/s/files/1/0095/8257/5680/products/youth-staple-tee-red-front-62d784888a42d.jpg | https://cdn.shopify.com/s/files/1/0095/8257/5680/products/youth-staple-tee-true-royal-front-62d784888a593.jpg | https://cdn.shopify.com/s/files/1/0095/8257/5680/products/youth-staple-tee-kelly-front-62d784888a7bb.jpg | https://cdn.shopify.com/s/files/1/0095/8257/5680/products/youth-staple-tee-white-front-62d784888aa48.jpg","MyShirtsDope.com","manual","","false","/product/all-i-need-loyalty-shirt-1  /product/all-i-need-loyalty-shirt  301!","","","","","","","","","","","","","","","","","","","","","",""
"atlien hoodie","KEEP BOTH","atlien-hoodie","","Same normalized title, but image URLs, variant sets, and SKU families differ; treat as distinct offers until artwork/provider intent is manually confirmed.","false","false","true","false","atlien-hoodie-1: Black | S |  | atlien-hoodie-1: Black | M |  | atlien-hoodie-1: Black | L |  | atlien-hoodie-1: Black | XL |  | atlien-hoodie-1: Black | 2XL |  | atlien-hoodie-1: Navy | S |  | atlien-hoodie-1: Navy | M |  | atlien-hoodie-1: Navy | L |  | atlien-hoodie-1: Navy | XL |  | atlien-hoodie-1: Navy | 2XL | ","atlien-hoodie:yes | atlien-hoodie-1:no","atlien-hoodie:/product/6611681706048  /product/atlien-hoodie  301! | /product/6697317171264  /product/atlien-hoodie  301! | /product/atlien-hoodie-1  /product/atlien-hoodie  301! || atlien-hoodie-1:/product/atlien-hoodie-1  /product/atlien-hoodie  301!","atlien-hoodie","Atlien hoodie","gid://shopify/Product/6611681706048","2022-07-16T21:28:55-05:00","active","0","0","0.00","","349965","35","Red | Indigo Blue | Irish Green | Sport Grey | Light Blue | Light Pink | White","S | M | L | XL | 2XL","3889755","60","7","https://cdn.shopify.com/s/files/1/0095/8257/5680/products/unisex-heavy-blend-hoodie-sport-grey-front-62d373e2645fc.jpg | https://cdn.shopify.com/s/files/1/0095/8257/5680/products/unisex-heavy-blend-hoodie-red-front-62d373e265a13.jpg | https://cdn.shopify.com/s/files/1/0095/8257/5680/products/unisex-heavy-blend-hoodie-indigo-blue-front-62d373e265d70.jpg | https://cdn.shopify.com/s/files/1/0095/8257/5680/products/unisex-heavy-blend-hoodie-irish-green-front-62d373e266319.jpg | https://cdn.shopify.com/s/files/1/0095/8257/5680/products/unisex-heavy-blend-hoodie-light-blue-front-62d373e266c49.jpg | https://cdn.shopify.com/s/files/1/0095/8257/5680/products/unisex-heavy-blend-hoodie-light-pink-front-62d373e267899.jpg | https://cdn.shopify.com/s/files/1/0095/8257/5680/products/unisex-heavy-blend-hoodie-white-front-62d373e2686df.jpg","MyShirtsDope.com","manual","","true","/product/6611681706048  /product/atlien-hoodie  301! | /product/6697317171264  /product/atlien-hoodie  301! | /product/atlien-hoodie-1  /product/atlien-hoodie  301!","atlien-hoodie-1","Atlien hoodie","gid://shopify/Product/6697317171264","2023-01-07T13:14:52-06:00","active","0","0","0.00","","299970","30","Black | Navy | Red | Irish Green | Sport Grey | Light Pink","S | M | L | XL | 2XL","6051585","60","6","https://cdn.shopify.com/s/files/1/0095/8257/5680/products/unisex-heavy-blend-hoodie-sport-grey-front-63b9c4a29fb7d.jpg | https://cdn.shopify.com/s/files/1/0095/8257/5680/products/unisex-heavy-blend-hoodie-black-front-63b9c4a2a0d94.jpg | https://cdn.shopify.com/s/files/1/0095/8257/5680/products/unisex-heavy-blend-hoodie-navy-front-63b9c4a2a104e.jpg | https://cdn.shopify.com/s/files/1/0095/8257/5680/products/unisex-heavy-blend-hoodie-red-front-63b9c4a2a149c.jpg | https://cdn.shopify.com/s/files/1/0095/8257/5680/products/unisex-heavy-blend-hoodie-irish-green-front-63b9c4a2a1a77.jpg | https://cdn.shopify.com/s/files/1/0095/8257/5680/products/unisex-heavy-blend-hoodie-light-pink-front-63b9c4a2a22ab.jpg","MyShirtsDope.com","manual","","false","/product/atlien-hoodie-1  /product/atlien-hoodie  301!","","","","","","","","","","","","","","","","","","","","","",""
"atlien shirt","KEEP BOTH","atlien-shirt","","Same normalized title, but image URLs, variant sets, and SKU families differ; treat as distinct offers until artwork/provider intent is manually confirmed.","false","false","true","false","atlien-shirt-1: Black | S |  | atlien-shirt-1: Black | M |  | atlien-shirt-1: Black | L |  | atlien-shirt-1: Black | XL |  | atlien-shirt-1: Black | 2XL |  | atlien-shirt-1: Navy | S |  | atlien-shirt-1: Navy | M |  | atlien-shirt-1: Navy | L |  | atlien-shirt-1: Navy | XL |  | atlien-shirt-1: Navy | 2XL |  | atlien-shirt-1: Light Blue | S |  | atlien-shirt-1: Light Blue | M |  | atlien-shirt-1: Light Blue | L |  | atlien-shirt-1: Light Blue | XL |  | atlien-shirt-1: Light Blue | 2XL | ","atlien-shirt:yes | atlien-shirt-1:no","atlien-shirt:/product/6697073999936  /product/atlien-shirt  301! | /product/6611681476672  /product/atlien-shirt  301! | /product/atlien-shirt-1  /product/atlien-shirt  301! || atlien-shirt-1:/product/atlien-shirt-1  /product/atlien-shirt  301!","atlien-shirt","Atlien shirt","gid://shopify/Product/6611681476672","2022-07-16T21:22:14-05:00","active","0","0","0.00","","349965","35","Red | True Royal | Kelly | Pink | Athletic Heather | Yellow | White","S | M | L | XL | 2XL","1058585","36","7","https://cdn.shopify.com/s/files/1/0095/8257/5680/products/unisex-staple-t-shirt-athletic-heather-front-62d37250c78e4.jpg | https://cdn.shopify.com/s/files/1/0095/8257/5680/products/unisex-staple-t-shirt-red-front-62d37250c8d38.jpg | https://cdn.shopify.com/s/files/1/0095/8257/5680/products/unisex-staple-t-shirt-true-royal-front-62d37250c9067.jpg | https://cdn.shopify.com/s/files/1/0095/8257/5680/products/unisex-staple-t-shirt-kelly-front-62d37250c9560.jpg | https://cdn.shopify.com/s/files/1/0095/8257/5680/products/unisex-staple-t-shirt-pink-front-62d37250c9beb.jpg | https://cdn.shopify.com/s/files/1/0095/8257/5680/products/unisex-staple-t-shirt-yellow-front-62d37250ca575.jpg | https://cdn.shopify.com/s/files/1/0095/8257/5680/products/unisex-staple-t-shirt-white-front-62d37250cb27f.jpg","MyShirtsDope.com","manual","","true","/product/6697073999936  /product/atlien-shirt  301! | /product/6611681476672  /product/atlien-shirt  301! | /product/atlien-shirt-1  /product/atlien-shirt  301!","atlien-shirt-1","Atlien shirt","gid://shopify/Product/6697073999936","2023-01-05T22:46:20-06:00","active","0","0","0.00","","449953","45","Black | Navy | Red | True Royal | Kelly | Pink | Athletic Heather | Light Blue | Yellow","S | M | L | XL | 2XL","9564282","36","9","https://cdn.shopify.com/s/files/1/0095/8257/5680/products/unisex-staple-t-shirt-light-blue-front-63b7a79605f51.jpg | https://cdn.shopify.com/s/files/1/0095/8257/5680/products/unisex-staple-t-shirt-black-front-63b7a79609b74.jpg | https://cdn.shopify.com/s/files/1/0095/8257/5680/products/unisex-staple-t-shirt-navy-front-63b7a7960a432.jpg | https://cdn.shopify.com/s/files/1/0095/8257/5680/products/unisex-staple-t-shirt-red-front-63b7a7960b3fe.jpg | https://cdn.shopify.com/s/files/1/0095/8257/5680/products/unisex-staple-t-shirt-true-royal-front-63b7a7960ca83.jpg | https://cdn.shopify.com/s/files/1/0095/8257/5680/products/unisex-staple-t-shirt-kelly-front-63b7a7961258e.jpg | https://cdn.shopify.com/s/files/1/0095/8257/5680/products/unisex-staple-t-shirt-pink-front-63b7a79614a47.jpg | https://cdn.shopify.com/s/files/1/0095/8257/5680/products/unisex-staple-t-shirt-athletic-heather-front-63b7a79617539.jpg | https://cdn.shopify.com/s/files/1/0095/8257/5680/products/unisex-staple-t-shirt-yellow-front-63b7a7961e63c.jpg","MyShirtsDope.com","manual","","false","/product/atlien-shirt-1  /product/atlien-shirt  301!","","","","","","","","","","","","","","","","","","","","","",""
"atlien toddler shirt","KEEP BOTH","atlien-toddler-shirt","","Same normalized title, but image URLs, variant sets, and SKU families differ; treat as distinct offers until artwork/provider intent is manually confirmed.","false","false","true","false","atlien-toddler-shirt-1: Black | 2T |  | atlien-toddler-shirt-1: Black | 3T |  | atlien-toddler-shirt-1: Black | 4T |  | atlien-toddler-shirt-1: Black | 5T | ","atlien-toddler-shirt:yes | atlien-toddler-shirt-1:no","atlien-toddler-shirt:/product/6697431695424  /product/atlien-toddler-shirt  301! | /product/6611682459712  /product/atlien-toddler-shirt  301! | /product/atlien-toddler-shirt-1  /product/atlien-toddler-shirt  301! || atlien-toddler-shirt-1:/product/atlien-toddler-shirt-1  /product/atlien-toddler-shirt  301!","atlien-toddler-shirt","Atlien toddler shirt","gid://shopify/Product/6611682459712","2022-07-16T21:42:12-05:00","active","0","0","0.00","","119988","12","Heather Columbia Blue | Pink | White","2T | 3T | 4T | 5T","9531813","30","3","https://cdn.shopify.com/s/files/1/0095/8257/5680/products/toddler-staple-tee-heather-columbia-blue-front-62d37701e9f46.jpg | https://cdn.shopify.com/s/files/1/0095/8257/5680/products/toddler-staple-tee-pink-front-62d37701efaee.jpg | https://cdn.shopify.com/s/files/1/0095/8257/5680/products/toddler-staple-tee-white-front-62d37701efced.jpg","MyShirtsDope.com","manual","","true","/product/6697431695424  /product/atlien-toddler-shirt  301! | /product/6611682459712  /product/atlien-toddler-shirt  301! | /product/atlien-toddler-shirt-1  /product/atlien-toddler-shirt  301!","atlien-toddler-shirt-1","Atlien toddler shirt","gid://shopify/Product/6697431695424","2023-01-08T15:53:25-06:00","active","0","0","0.00","","119988","12","Black | Heather Columbia Blue | Pink","2T | 3T | 4T | 5T","5031975","30","3","https://cdn.shopify.com/s/files/1/0095/8257/5680/products/toddler-staple-tee-black-front-63bb3b52119c1.jpg | https://cdn.shopify.com/s/files/1/0095/8257/5680/products/toddler-staple-tee-heather-columbia-blue-front-63bb3b52121c6.jpg | https://cdn.shopify.com/s/files/1/0095/8257/5680/products/toddler-staple-tee-pink-front-63bb3b52123e8.jpg","MyShirtsDope.com","manual","","false","/product/atlien-toddler-shirt-1  /product/atlien-toddler-shirt  301!","","","","","","","","","","","","","","","","","","","","","",""
"baby baby baby youth hoodie","KEEP BOTH","baby-baby-baby-youth-hoodie","","Same normalized title, but image URLs, variant sets, and SKU families differ; treat as distinct offers until artwork/provider intent is manually confirmed.","false","false","false","false","baby-baby-baby-youth-hoodie-1: Royal Blue | S |  | baby-baby-baby-youth-hoodie-1: Royal Blue | M |  | baby-baby-baby-youth-hoodie-1: Royal Blue | L |  | baby-baby-baby-youth-hoodie-1: Royal Blue | XL |  | baby-baby-baby-youth-hoodie-1: Heather Grey | S |  | baby-baby-baby-youth-hoodie-1: Heather Grey | M |  | baby-baby-baby-youth-hoodie-1: Heather Grey | L |  | baby-baby-baby-youth-hoodie-1: Heather Grey | XL |  | baby-baby-baby-youth-hoodie-1: Baby Pink | S |  | baby-baby-baby-youth-hoodie-1: Baby Pink | M |  | baby-baby-baby-youth-hoodie-1: Baby Pink | L |  | baby-baby-baby-youth-hoodie-1: Baby Pink | XL | ","baby-baby-baby-youth-hoodie:yes | baby-baby-baby-youth-hoodie-1:no","baby-baby-baby-youth-hoodie:/product/6611670040640  /product/baby-baby-baby-youth-hoodie  301! | /product/6611670270016  /product/baby-baby-baby-youth-hoodie  301! | /product/baby-baby-baby-youth-hoodie-1  /product/baby-baby-baby-youth-hoodie  301! || baby-baby-baby-youth-hoodie-1:/product/baby-baby-baby-youth-hoodie-1  /product/baby-baby-baby-youth-hoodie  301!","baby-baby-baby-youth-hoodie","Baby Baby Baby youth hoodie","gid://shopify/Product/6611670040640","2022-07-16T15:37:16-05:00","active","0","0","0.00","","349965","35","Red | Indigo Blue | Irish Green | Sport Grey | Light Blue | Light Pink | White","S | M | L | XL | 2XL","1461026","60","7","https://cdn.shopify.com/s/files/1/0095/8257/5680/products/unisex-heavy-blend-hoodie-sport-grey-front-62d32176b28a0.jpg | https://cdn.shopify.com/s/files/1/0095/8257/5680/products/unisex-heavy-blend-hoodie-red-front-62d32176b4ff9.jpg | https://cdn.shopify.com/s/files/1/0095/8257/5680/products/unisex-heavy-blend-hoodie-indigo-blue-front-62d32176b54de.jpg | https://cdn.shopify.com/s/files/1/0095/8257/5680/products/unisex-heavy-blend-hoodie-irish-green-front-62d32176b5d66.jpg | https://cdn.shopify.com/s/files/1/0095/8257/5680/products/unisex-heavy-blend-hoodie-light-blue-front-62d32176b7045.jpg | https://cdn.shopify.com/s/files/1/0095/8257/5680/products/unisex-heavy-blend-hoodie-light-pink-front-62d32176b821b.jpg | https://cdn.shopify.com/s/files/1/0095/8257/5680/products/unisex-heavy-blend-hoodie-white-front-62d32176b9281.jpg","MyShirtsDope.com","manual","","true","/product/6611670040640  /product/baby-baby-baby-youth-hoodie  301! | /product/6611670270016  /product/baby-baby-baby-youth-hoodie  301! | /product/baby-baby-baby-youth-hoodie-1  /product/baby-baby-baby-youth-hoodie  301!","baby-baby-baby-youth-hoodie-1","Baby Baby Baby youth hoodie","gid://shopify/Product/6611670270016","2022-07-16T15:41:46-05:00","active","0","0","0.00","","0","12","Royal Blue | Heather Grey | Baby Pink","S | M | L | XL","4691798","54","3","https://cdn.shopify.com/s/files/1/0095/8257/5680/products/kids-hoodie-heather-grey-front-62d322862ba8c.jpg | https://cdn.shopify.com/s/files/1/0095/8257/5680/products/kids-hoodie-royal-blue-front-62d322862c747.jpg | https://cdn.shopify.com/s/files/1/0095/8257/5680/products/kids-hoodie-baby-pink-front-62d322862c8ac.jpg","MyShirtsDope.com","manual","","false","/product/baby-baby-baby-youth-hoodie-1  /product/baby-baby-baby-youth-hoodie  301!","","","","","","","","","","","","","","","","","","","","","",""
"battle of the tigers shirt tsu jsu","MERGE","battle-of-the-tigers-shirt-tsu-jsu","battle-of-the-tigers-shirt-tsu-jsu-1","Same normalized title and vendor and fulfillment service; keep battle-of-the-tigers-shirt-tsu-jsu because it has no lower recorded sales and the older record. Review flagged non-keeper-only variants before any archive.","true","true","true","false","","battle-of-the-tigers-shirt-tsu-jsu:yes | battle-of-the-tigers-shirt-tsu-jsu-1:no","battle-of-the-tigers-shirt-tsu-jsu:/product/7281451270208  /product/battle-of-the-tigers-shirt-tsu-jsu  301! | /product/7281451434048  /product/battle-of-the-tigers-shirt-tsu-jsu  301! | /product/battle-of-the-tigers-shirt-tsu-jsu-1  /product/battle-of-the-tigers-shirt-tsu-jsu  301! || battle-of-the-tigers-shirt-tsu-jsu-1:/product/battle-of-the-tigers-shirt-tsu-jsu-1  /product/battle-of-the-tigers-shirt-tsu-jsu  301!","battle-of-the-tigers-shirt-tsu-jsu","Battle of the Tigers shirt TSU JSU","gid://shopify/Product/7281451270208","2026-08-29T10:45:53-05:00","active","0","0","0.00","","339966","34","Black | Red | True Royal | Athletic Heather | White","XS | S | M | L | XL | 2XL | 3XL","9666264","36-42","10","https://cdn.shopify.com/s/files/1/0095/8257/5680/files/unisex-staple-t-shirt-black-front-6a92fea2891f7.jpg | https://cdn.shopify.com/s/files/1/0095/8257/5680/files/unisex-staple-t-shirt-black-back-6a92fea28ac61.jpg | https://cdn.shopify.com/s/files/1/0095/8257/5680/files/unisex-staple-t-shirt-red-front-6a92fea28b806.jpg | https://cdn.shopify.com/s/files/1/0095/8257/5680/files/unisex-staple-t-shirt-red-back-6a92fea28cb5e.jpg | https://cdn.shopify.com/s/files/1/0095/8257/5680/files/unisex-staple-t-shirt-true-royal-front-6a92fea28dee2.jpg | https://cdn.shopify.com/s/files/1/0095/8257/5680/files/unisex-staple-t-shirt-true-royal-back-6a92fea28fa47.jpg | https://cdn.shopify.com/s/files/1/0095/8257/5680/files/unisex-staple-t-shirt-athletic-heather-front-6a92fea291833.jpg | https://cdn.shopify.com/s/files/1/0095/8257/5680/files/unisex-staple-t-shirt-athletic-heather-back-6a92fea293c3d.jpg | https://cdn.shopify.com/s/files/1/0095/8257/5680/files/unisex-staple-t-shirt-white-front-6a92fea296744.jpg | https://cdn.shopify.com/s/files/1/0095/8257/5680/files/unisex-staple-t-shirt-white-back-6a92fea2996fe.jpg","MyShirtsDope.com","manual","","true","/product/7281451270208  /product/battle-of-the-tigers-shirt-tsu-jsu  301! | /product/7281451434048  /product/battle-of-the-tigers-shirt-tsu-jsu  301! | /product/battle-of-the-tigers-shirt-tsu-jsu-1  /product/battle-of-the-tigers-shirt-tsu-jsu  301!","battle-of-the-tigers-shirt-tsu-jsu-1","Battle of the Tigers shirt TSU JSU","gid://shopify/Product/7281451434048","2026-08-29T10:49:25-05:00","active","0","0","0.00","","339966","34","Black | Red | True Royal | Athletic Heather | White","XS | S | M | L | XL | 2XL | 3XL","7334992","36-42","10","https://cdn.shopify.com/s/files/1/0095/8257/5680/files/unisex-staple-t-shirt-black-front-6a92ff8083714.jpg | https://cdn.shopify.com/s/files/1/0095/8257/5680/files/unisex-staple-t-shirt-black-back-6a92ff80848ae.jpg | https://cdn.shopify.com/s/files/1/0095/8257/5680/files/unisex-staple-t-shirt-red-front-6a92ff808524e.jpg | https://cdn.shopify.com/s/files/1/0095/8257/5680/files/unisex-staple-t-shirt-red-back-6a92ff80863e7.jpg | https://cdn.shopify.com/s/files/1/0095/8257/5680/files/unisex-staple-t-shirt-true-royal-front-6a92ff8087709.jpg | https://cdn.shopify.com/s/files/1/0095/8257/5680/files/unisex-staple-t-shirt-true-royal-back-6a92ff80891f5.jpg | https://cdn.shopify.com/s/files/1/0095/8257/5680/files/unisex-staple-t-shirt-athletic-heather-front-6a92ff808b0fd.jpg | https://cdn.shopify.com/s/files/1/0095/8257/5680/files/unisex-staple-t-shirt-athletic-heather-back-6a92ff808d4ad.jpg | https://cdn.shopify.com/s/files/1/0095/8257/5680/files/unisex-staple-t-shirt-white-front-6a92ff808fbde.jpg | https://cdn.shopify.com/s/files/1/0095/8257/5680/files/unisex-staple-t-shirt-white-back-6a92ff8092893.jpg","MyShirtsDope.com","manual","","false","/product/battle-of-the-tigers-shirt-tsu-jsu-1  /product/battle-of-the-tigers-shirt-tsu-jsu  301!","","","","","","","","","","","","","","","","","","","","","",""
"bone thugs toddler shirt","KEEP BOTH","bone-thugs-toddler-shirt","","Same normalized title, but image URLs, variant sets, and SKU families differ; treat as distinct offers until artwork/provider intent is manually confirmed.","false","false","false","false","bone-thugs-toddler-shirt-1: Black | S |  | bone-thugs-toddler-shirt-1: Black | M |  | bone-thugs-toddler-shirt-1: Black | L |  | bone-thugs-toddler-shirt-1: Black | XL |  | bone-thugs-toddler-shirt-1: Navy | S |  | bone-thugs-toddler-shirt-1: Navy | M |  | bone-thugs-toddler-shirt-1: Navy | L |  | bone-thugs-toddler-shirt-1: Navy | XL |  | bone-thugs-toddler-shirt-1: Red | S |  | bone-thugs-toddler-shirt-1: Red | M |  | bone-thugs-toddler-shirt-1: Red | L |  | bone-thugs-toddler-shirt-1: Red | XL |  | bone-thugs-toddler-shirt-1: True Royal | S |  | bone-thugs-toddler-shirt-1: True Royal | M |  | bone-thugs-toddler-shirt-1: True Royal | L |  | bone-thugs-toddler-shirt-1: True Royal | XL |  | bone-thugs-toddler-shirt-1: Kelly | S |  | bone-thugs-toddler-shirt-1: Kelly | M |  | bone-thugs-toddler-shirt-1: Kelly | L |  | bone-thugs-toddler-shirt-1: Kelly | XL |  | bone-thugs-toddler-shirt-1: Athletic Heather | S |  | bone-thugs-toddler-shirt-1: Athletic Heather | M |  | bone-thugs-toddler-shirt-1: Athletic Heather | L |  | bone-thugs-toddler-shirt-1: Athletic Heather | XL | ","bone-thugs-toddler-shirt:yes | bone-thugs-toddler-shirt-1:no","bone-thugs-toddler-shirt:/product/6697059287104  /product/bone-thugs-toddler-shirt  301! | /product/6697059221568  /product/bone-thugs-toddler-shirt  301! | /product/bone-thugs-toddler-shirt-1  /product/bone-thugs-toddler-shirt  301! || bone-thugs-toddler-shirt-1:/product/bone-thugs-toddler-shirt-1  /product/bone-thugs-toddler-shirt  301!","bone-thugs-toddler-shirt","Bone Thugs toddler shirt","gid://shopify/Product/6697059221568","2023-01-05T19:52:41-06:00","active","0","0","0.00","","119988","12","Black | Heather Columbia Blue | Pink","2T | 3T | 4T | 5T","7899860","30","3","https://cdn.shopify.com/s/files/1/0095/8257/5680/products/toddler-staple-tee-black-front-63b77ee58a2eb.jpg | https://cdn.shopify.com/s/files/1/0095/8257/5680/products/toddler-staple-tee-heather-columbia-blue-front-63b77ee58a9bc.jpg | https://cdn.shopify.com/s/files/1/0095/8257/5680/products/toddler-staple-tee-pink-front-63b77ee58ab0e.jpg","MyShirtsDope.com","manual","","true","/product/6697059287104  /product/bone-thugs-toddler-shirt  301! | /product/6697059221568  /product/bone-thugs-toddler-shirt  301! | /product/bone-thugs-toddler-shirt-1  /product/bone-thugs-toddler-shirt  301!","bone-thugs-toddler-shirt-1","Bone Thugs toddler shirt","gid://shopify/Product/6697059287104","2023-01-05T19:58:20-06:00","active","0","0","0.00","","239976","24","Black | Navy | Red | True Royal | Kelly | Athletic Heather","S | M | L | XL","6517521","30","6","https://cdn.shopify.com/s/files/1/0095/8257/5680/products/youth-staple-tee-black-front-63b780385e2c6.jpg | https://cdn.shopify.com/s/files/1/0095/8257/5680/products/youth-staple-tee-navy-front-63b78038605c2.jpg | https://cdn.shopify.com/s/files/1/0095/8257/5680/products/youth-staple-tee-red-front-63b78038607c6.jpg | https://cdn.shopify.com/s/files/1/0095/8257/5680/products/youth-staple-tee-true-royal-front-63b7803860a54.jpg | https://cdn.shopify.com/s/files/1/0095/8257/5680/products/youth-staple-tee-kelly-front-63b7803860e25.jpg | https://cdn.shopify.com/s/files/1/0095/8257/5680/products/youth-staple-tee-athletic-heather-front-63b780386117b.jpg","MyShirtsDope.com","manual","","false","/product/bone-thugs-toddler-shirt-1  /product/bone-thugs-toddler-shirt  301!","","","","","","","","","","","","","","","","","","","","","",""
"do wop that thing onesie","MERGE","do-wop-that-thing-onesie","do-wop-that-thing-onesie-1","Same normalized title and vendor and fulfillment service; keep do-wop-that-thing-onesie because it has no lower recorded sales and the older record. Review flagged non-keeper-only variants before any archive.","true","true","true","false","","do-wop-that-thing-onesie:yes | do-wop-that-thing-onesie-1:no","do-wop-that-thing-onesie:/product/6589113368640  /product/do-wop-that-thing-onesie  301! | /product/6591673598016  /product/do-wop-that-thing-onesie  301! | /product/do-wop-that-thing-onesie-1  /product/do-wop-that-thing-onesie  301! || do-wop-that-thing-onesie-1:/product/do-wop-that-thing-onesie-1  /product/do-wop-that-thing-onesie  301!","do-wop-that-thing-onesie","Do Wop That Thing onesie","gid://shopify/Product/6589113368640","2022-01-15T21:46:05-06:00","active","0","0","0.00","","119988","16","Heather Columbia Blue | Athletic Heather | Pink | White","3-6m | 6-12m | 12-18m | 18-24m","3108110","30","4","https://cdn.shopify.com/s/files/1/0095/8257/5680/products/baby-short-sleeve-one-piece-pink-front-61e394f85a47f.jpg | https://cdn.shopify.com/s/files/1/0095/8257/5680/products/baby-short-sleeve-one-piece-heather-columbia-blue-front-61e394f85a5e7.jpg | https://cdn.shopify.com/s/files/1/0095/8257/5680/products/baby-short-sleeve-one-piece-athletic-heather-front-61e394f85a690.jpg | https://cdn.shopify.com/s/files/1/0095/8257/5680/products/baby-short-sleeve-one-piece-white-front-61e394f85a75e.jpg","MyShirtsDope.com","manual","","true","/product/6589113368640  /product/do-wop-that-thing-onesie  301! | /product/6591673598016  /product/do-wop-that-thing-onesie  301! | /product/do-wop-that-thing-onesie-1  /product/do-wop-that-thing-onesie  301!","do-wop-that-thing-onesie-1","Do Wop That Thing onesie","gid://shopify/Product/6591673598016","2022-01-30T21:11:24-06:00","active","0","0","0.00","","119988","16","Heather Columbia Blue | Athletic Heather | Pink | White","3-6m | 6-12m | 12-18m | 18-24m","8439410","30","4","https://cdn.shopify.com/s/files/1/0095/8257/5680/products/baby-short-sleeve-one-piece-pink-front-61f75358c19b8.jpg | https://cdn.shopify.com/s/files/1/0095/8257/5680/products/baby-short-sleeve-one-piece-heather-columbia-blue-front-61f75358c1b59.jpg | https://cdn.shopify.com/s/files/1/0095/8257/5680/products/baby-short-sleeve-one-piece-athletic-heather-front-61f75358c1c47.jpg | https://cdn.shopify.com/s/files/1/0095/8257/5680/products/baby-short-sleeve-one-piece-white-front-61f75358c1d76.jpg","MyShirtsDope.com","manual","","false","/product/do-wop-that-thing-onesie-1  /product/do-wop-that-thing-onesie  301!","","","","","","","","","","","","","","","","","","","","","",""
"do wop that thing shirt","KEEP BOTH","do-wop-that-thing-shirt","","Same normalized title, but image URLs, variant sets, and SKU families differ; treat as distinct offers until artwork/provider intent is manually confirmed.","false","false","true","false","","do-wop-that-thing-shirt:yes | do-wop-that-thing-shirt-1:no","do-wop-that-thing-shirt:/product/6599566360640  /product/do-wop-that-thing-shirt  301! | /product/6607373140032  /product/do-wop-that-thing-shirt  301! | /product/do-wop-that-thing-shirt-1  /product/do-wop-that-thing-shirt  301! || do-wop-that-thing-shirt-1:/product/do-wop-that-thing-shirt-1  /product/do-wop-that-thing-shirt  301!","do-wop-that-thing-shirt","Do Wop That Thing shirt","gid://shopify/Product/6599566360640","2022-03-29T22:52:25-05:00","active","0","0","0.00","","399960","40","Red | Kelly | White | Yellow | Light Blue | Pink | Athletic Heather | True Royal","S | M | L | XL | 2XL","1902444","36","8","https://cdn.shopify.com/s/files/1/0095/8257/5680/products/unisex-staple-t-shirt-athletic-heather-front-6243d3f43ee97.jpg | https://cdn.shopify.com/s/files/1/0095/8257/5680/products/unisex-staple-t-shirt-red-front-6243d3f43fadf.jpg | https://cdn.shopify.com/s/files/1/0095/8257/5680/products/unisex-staple-t-shirt-true-royal-front-6243d3f43fe63.jpg | https://cdn.shopify.com/s/files/1/0095/8257/5680/products/unisex-staple-t-shirt-kelly-front-6243d3f44035a.jpg | https://cdn.shopify.com/s/files/1/0095/8257/5680/products/unisex-staple-t-shirt-pink-front-6243d3f440a16.jpg | https://cdn.shopify.com/s/files/1/0095/8257/5680/products/unisex-staple-t-shirt-light-blue-front-6243d3f44145a.jpg | https://cdn.shopify.com/s/files/1/0095/8257/5680/products/unisex-staple-t-shirt-yellow-front-6243d3f4420d7.jpg | https://cdn.shopify.com/s/files/1/0095/8257/5680/products/unisex-staple-t-shirt-white-front-6243d3f442f9c.jpg","MyShirtsDope.com","manual","","true","/product/6599566360640  /product/do-wop-that-thing-shirt  301! | /product/6607373140032  /product/do-wop-that-thing-shirt  301! | /product/do-wop-that-thing-shirt-1  /product/do-wop-that-thing-shirt  301!","do-wop-that-thing-shirt-1","Do Wop That Thing shirt","gid://shopify/Product/6607373140032","2022-06-27T09:15:58-05:00","active","0","0","0.00","","299970","30","Red | Kelly | Pink | Athletic Heather | Yellow | White","S | M | L | XL | 2XL","4018071","36","6","https://cdn.shopify.com/s/files/1/0095/8257/5680/products/unisex-staple-t-shirt-pink-front-62b9bb980a030.jpg | https://cdn.shopify.com/s/files/1/0095/8257/5680/products/unisex-staple-t-shirt-red-front-62b9bb980aec6.jpg | https://cdn.shopify.com/s/files/1/0095/8257/5680/products/unisex-staple-t-shirt-kelly-front-62b9bb980b20e.jpg | https://cdn.shopify.com/s/files/1/0095/8257/5680/products/unisex-staple-t-shirt-athletic-heather-front-62b9bb980b8ee.jpg | https://cdn.shopify.com/s/files/1/0095/8257/5680/products/unisex-staple-t-shirt-yellow-front-62b9bb980c1e4.jpg | https://cdn.shopify.com/s/files/1/0095/8257/5680/products/unisex-staple-t-shirt-white-front-62b9bb980cc3e.jpg","MyShirtsDope.com","manual","","false","/product/do-wop-that-thing-shirt-1  /product/do-wop-that-thing-shirt  301!","","","","","","","","","","","","","","","","","","","","","",""
"dont believe the hype hoodie","KEEP BOTH","dont-believe-the-hype-hoodie","","Same normalized title, but image URLs, variant sets, and SKU families differ; treat as distinct offers until artwork/provider intent is manually confirmed.","false","false","false","false","dont-believe-the-hype-hoodie-1: True Royal | S |  | dont-believe-the-hype-hoodie-1: True Royal | M |  | dont-believe-the-hype-hoodie-1: True Royal | L |  | dont-believe-the-hype-hoodie-1: True Royal | XL |  | dont-believe-the-hype-hoodie-1: Kelly | S |  | dont-believe-the-hype-hoodie-1: Kelly | M |  | dont-believe-the-hype-hoodie-1: Kelly | L |  | dont-believe-the-hype-hoodie-1: Kelly | XL |  | dont-believe-the-hype-hoodie-1: Athletic Heather | S |  | dont-believe-the-hype-hoodie-1: Athletic Heather | M |  | dont-believe-the-hype-hoodie-1: Athletic Heather | L |  | dont-believe-the-hype-hoodie-1: Athletic Heather | XL | ","dont-believe-the-hype-hoodie:yes | dont-believe-the-hype-hoodie-1:no","dont-believe-the-hype-hoodie:/product/6606860288064  /product/dont-believe-the-hype-hoodie  301! | /product/6606860779584  /product/dont-believe-the-hype-hoodie  301! | /product/dont-believe-the-hype-hoodie-1  /product/dont-believe-the-hype-hoodie  301! || dont-believe-the-hype-hoodie-1:/product/dont-believe-the-hype-hoodie-1  /product/dont-believe-the-hype-hoodie  301!","dont-believe-the-hype-hoodie","Dont Believe The Hype hoodie","gid://shopify/Product/6606860288064","2022-06-23T10:58:01-05:00","active","0","0","0.00","","349965","35","Red | Indigo Blue | Irish Green | Sport Grey | Light Blue | Light Pink | White","S | M | L | XL | 2XL","2885225","60","7","https://cdn.shopify.com/s/files/1/0095/8257/5680/products/unisex-heavy-blend-hoodie-sport-grey-front-62b48d83df5b5.jpg | https://cdn.shopify.com/s/files/1/0095/8257/5680/products/unisex-heavy-blend-hoodie-red-front-62b48d83e0423.jpg | https://cdn.shopify.com/s/files/1/0095/8257/5680/products/unisex-heavy-blend-hoodie-indigo-blue-front-62b48d83e0848.jpg | https://cdn.shopify.com/s/files/1/0095/8257/5680/products/unisex-heavy-blend-hoodie-irish-green-front-62b48d83e0f26.jpg | https://cdn.shopify.com/s/files/1/0095/8257/5680/products/unisex-heavy-blend-hoodie-light-blue-front-62b48d83e1cac.jpg | https://cdn.shopify.com/s/files/1/0095/8257/5680/products/unisex-heavy-blend-hoodie-light-pink-front-62b48d83e3317.jpg | https://cdn.shopify.com/s/files/1/0095/8257/5680/products/unisex-heavy-blend-hoodie-white-front-62b48d83e5119.jpg","MyShirtsDope.com","manual","","true","/product/6606860288064  /product/dont-believe-the-hype-hoodie  301! | /product/6606860779584  /product/dont-believe-the-hype-hoodie  301! | /product/dont-believe-the-hype-hoodie-1  /product/dont-believe-the-hype-hoodie  301!","dont-believe-the-hype-hoodie-1","Dont Believe The Hype hoodie","gid://shopify/Product/6606860779584","2022-06-23T11:07:37-05:00","active","0","0","0.00","","199980","20","Red | True Royal | Kelly | Athletic Heather | White","S | M | L | XL","1049727","30","5","https://cdn.shopify.com/s/files/1/0095/8257/5680/products/youth-staple-tee-athletic-heather-front-62b48fc117fba.jpg | https://cdn.shopify.com/s/files/1/0095/8257/5680/products/youth-staple-tee-red-front-62b48fc11a47f.jpg | https://cdn.shopify.com/s/files/1/0095/8257/5680/products/youth-staple-tee-true-royal-front-62b48fc11a633.jpg | https://cdn.shopify.com/s/files/1/0095/8257/5680/products/youth-staple-tee-kelly-front-62b48fc11a861.jpg | https://cdn.shopify.com/s/files/1/0095/8257/5680/products/youth-staple-tee-white-front-62b48fc11ad0d.jpg","MyShirtsDope.com","manual","","false","/product/dont-believe-the-hype-hoodie-1  /product/dont-believe-the-hype-hoodie  301!","","","","","","","","","","","","","","","","","","","","","",""
"epmd strictly business hoodie","KEEP BOTH","epmd-strictly-business-hoodie","","Same normalized title, but image URLs, variant sets, and SKU families differ; treat as distinct offers until artwork/provider intent is manually confirmed.","false","false","false","false","epmd-strictly-business-hoodie-1: True Royal | S |  | epmd-strictly-business-hoodie-1: True Royal | M |  | epmd-strictly-business-hoodie-1: True Royal | L |  | epmd-strictly-business-hoodie-1: True Royal | XL |  | epmd-strictly-business-hoodie-1: Kelly | S |  | epmd-strictly-business-hoodie-1: Kelly | M |  | epmd-strictly-business-hoodie-1: Kelly | L |  | epmd-strictly-business-hoodie-1: Kelly | XL |  | epmd-strictly-business-hoodie-1: Athletic Heather | S |  | epmd-strictly-business-hoodie-1: Athletic Heather | M |  | epmd-strictly-business-hoodie-1: Athletic Heather | L |  | epmd-strictly-business-hoodie-1: Athletic Heather | XL | ","epmd-strictly-business-hoodie:yes | epmd-strictly-business-hoodie-1:no","epmd-strictly-business-hoodie:/product/6700811124800  /product/epmd-strictly-business-hoodie  301! | /product/6700815188032  /product/epmd-strictly-business-hoodie  301! | /product/epmd-strictly-business-hoodie-1  /product/epmd-strictly-business-hoodie  301! || epmd-strictly-business-hoodie-1:/product/epmd-strictly-business-hoodie-1  /product/epmd-strictly-business-hoodie  301!","epmd-strictly-business-hoodie","EPMD Strictly Business hoodie","gid://shopify/Product/6700811124800","2023-01-22T21:33:20-06:00","active","0","0","0.00","","349965","35","Black | Navy | Red | Irish Green | Sport Grey | Light Blue | Light Pink","S | M | L | XL | 2XL","2829120","60","7","https://cdn.shopify.com/s/files/1/0095/8257/5680/products/unisex-heavy-blend-hoodie-black-front-63cdfffa74787.jpg | https://cdn.shopify.com/s/files/1/0095/8257/5680/products/unisex-heavy-blend-hoodie-navy-front-63cdfffa78be4.jpg | https://cdn.shopify.com/s/files/1/0095/8257/5680/products/unisex-heavy-blend-hoodie-red-front-63cdfffa7986d.jpg | https://cdn.shopify.com/s/files/1/0095/8257/5680/products/unisex-heavy-blend-hoodie-irish-green-front-63cdfffa7a8fc.jpg | https://cdn.shopify.com/s/files/1/0095/8257/5680/products/unisex-heavy-blend-hoodie-sport-grey-front-63cdfffa7b713.jpg | https://cdn.shopify.com/s/files/1/0095/8257/5680/products/unisex-heavy-blend-hoodie-light-blue-front-63cdfffa7ced5.jpg | https://cdn.shopify.com/s/files/1/0095/8257/5680/products/unisex-heavy-blend-hoodie-light-pink-front-63cdfffa7e95b.jpg","MyShirtsDope.com","manual","","true","/product/6700811124800  /product/epmd-strictly-business-hoodie  301! | /product/6700815188032  /product/epmd-strictly-business-hoodie  301! | /product/epmd-strictly-business-hoodie-1  /product/epmd-strictly-business-hoodie  301!","epmd-strictly-business-hoodie-1","EPMD Strictly Business hoodie","gid://shopify/Product/6700815188032","2023-01-22T21:38:05-06:00","active","0","0","0.00","","239976","24","Black | Navy | Red | True Royal | Kelly | Athletic Heather","S | M | L | XL","3521602","30","6","https://cdn.shopify.com/s/files/1/0095/8257/5680/products/youth-staple-tee-black-front-63ce011a6e9af.jpg | https://cdn.shopify.com/s/files/1/0095/8257/5680/products/youth-staple-tee-navy-front-63ce011a7440b.jpg | https://cdn.shopify.com/s/files/1/0095/8257/5680/products/youth-staple-tee-red-front-63ce011a7472a.jpg | https://cdn.shopify.com/s/files/1/0095/8257/5680/products/youth-staple-tee-true-royal-front-63ce011a74aaf.jpg | https://cdn.shopify.com/s/files/1/0095/8257/5680/products/youth-staple-tee-kelly-front-63ce011a74e7a.jpg | https://cdn.shopify.com/s/files/1/0095/8257/5680/products/youth-staple-tee-athletic-heather-front-63ce011a7520a.jpg","MyShirtsDope.com","manual","","false","/product/epmd-strictly-business-hoodie-1  /product/epmd-strictly-business-hoodie  301!","","","","","","","","","","","","","","","","","","","","","",""
"free huey onesie","KEEP BOTH","free-huey-onesie","","Same normalized title, but image URLs, variant sets, and SKU families differ; treat as distinct offers until artwork/provider intent is manually confirmed.","false","false","true","false","free-huey-onesie-1: Yellow | 3-6m |  | free-huey-onesie-1: Yellow | 6-12m |  | free-huey-onesie-1: Yellow | 12-18m |  | free-huey-onesie-1: Yellow | 18-24m | ","free-huey-onesie:yes | free-huey-onesie-1:no","free-huey-onesie:/product/6701642973248  /product/free-huey-onesie  301! | /product/6588636004416  /product/free-huey-onesie  301! | /product/free-huey-onesie-1  /product/free-huey-onesie  301! || free-huey-onesie-1:/product/free-huey-onesie-1  /product/free-huey-onesie  301!","free-huey-onesie","Free Huey onesie","gid://shopify/Product/6588636004416","2022-01-10T13:35:48-06:00","active","0","0","0.00","","119988","16","Heather Columbia Blue | Athletic Heather | Pink | White","3-6m | 6-12m | 12-18m | 18-24m","4462671","30","4","https://cdn.shopify.com/s/files/1/0095/8257/5680/products/baby-short-sleeve-one-piece-athletic-heather-front-61dc8a8fb2f64.jpg | https://cdn.shopify.com/s/files/1/0095/8257/5680/products/baby-short-sleeve-one-piece-heather-columbia-blue-front-61dc8a8fb307d.jpg | https://cdn.shopify.com/s/files/1/0095/8257/5680/products/baby-short-sleeve-one-piece-pink-front-61dc8a8fb312c.jpg | https://cdn.shopify.com/s/files/1/0095/8257/5680/products/baby-short-sleeve-one-piece-white-front-61dc8a8fb3204.jpg","MyShirtsDope.com","manual","","true","/product/6701642973248  /product/free-huey-onesie  301! | /product/6588636004416  /product/free-huey-onesie  301! | /product/free-huey-onesie-1  /product/free-huey-onesie  301!","free-huey-onesie-1","Free Huey onesie","gid://shopify/Product/6701642973248","2023-01-23T18:30:21-06:00","active","0","0","0.00","","149985","20","Heather Columbia Blue | Athletic Heather | Pink | Yellow | White","3-6m | 6-12m | 12-18m | 18-24m","4825728","30","5","https://cdn.shopify.com/s/files/1/0095/8257/5680/products/baby-short-sleeve-one-piece-yellow-front-63cf2698b6603.jpg | https://cdn.shopify.com/s/files/1/0095/8257/5680/products/baby-short-sleeve-one-piece-heather-columbia-blue-front-63cf2698b8ecb.jpg | https://cdn.shopify.com/s/files/1/0095/8257/5680/products/baby-short-sleeve-one-piece-athletic-heather-front-63cf2698b8f77.jpg | https://cdn.shopify.com/s/files/1/0095/8257/5680/products/baby-short-sleeve-one-piece-pink-front-63cf2698b9017.jpg | https://cdn.shopify.com/s/files/1/0095/8257/5680/products/baby-short-sleeve-one-piece-white-front-63cf2698b90f4.jpg","MyShirtsDope.com","manual","","false","/product/free-huey-onesie-1  /product/free-huey-onesie  301!","","","","","","","","","","","","","","","","","","","","","",""
"get low hoodie","KEEP BOTH","get-low-hoodie","","Same normalized title, but image URLs, variant sets, and SKU families differ; treat as distinct offers until artwork/provider intent is manually confirmed.","false","false","false","false","get-low-hoodie-1: Royal Blue | S |  | get-low-hoodie-1: Heather Grey | S |  | get-low-hoodie-1: Baby Pink | S |  | get-low-hoodie-1: Royal Blue | M |  | get-low-hoodie-1: Heather Grey | M |  | get-low-hoodie-1: Baby Pink | M |  | get-low-hoodie-1: Royal Blue | L |  | get-low-hoodie-1: Heather Grey | L |  | get-low-hoodie-1: Baby Pink | L |  | get-low-hoodie-1: Royal Blue | XL |  | get-low-hoodie-1: Heather Grey | XL |  | get-low-hoodie-1: Baby Pink | XL | ","get-low-hoodie:yes | get-low-hoodie-1:no","get-low-hoodie:/product/6605948158016  /product/get-low-hoodie  301! | /product/6605951991872  /product/get-low-hoodie  301! | /product/get-low-hoodie-1  /product/get-low-hoodie  301! || get-low-hoodie-1:/product/get-low-hoodie-1  /product/get-low-hoodie  301!","get-low-hoodie","Get Low hoodie","gid://shopify/Product/6605948158016","2022-06-11T09:35:46-05:00","active","0","0","0.00","","349965","35","Red | Light Pink | Sport Grey | Light Blue | White | Indigo Blue | Irish Green","S | M | L | XL | 2XL","6649113","60","7","https://cdn.shopify.com/s/files/1/0095/8257/5680/products/unisex-heavy-blend-hoodie-sport-grey-front-62a4a83c21cfb.jpg | https://cdn.shopify.com/s/files/1/0095/8257/5680/products/unisex-heavy-blend-hoodie-red-front-62a4a83c226bb.jpg | https://cdn.shopify.com/s/files/1/0095/8257/5680/products/unisex-heavy-blend-hoodie-indigo-blue-front-62a4a83c229bf.jpg | https://cdn.shopify.com/s/files/1/0095/8257/5680/products/unisex-heavy-blend-hoodie-irish-green-front-62a4a83c22e9e.jpg | https://cdn.shopify.com/s/files/1/0095/8257/5680/products/unisex-heavy-blend-hoodie-light-blue-front-62a4a83c239a6.jpg | https://cdn.shopify.com/s/files/1/0095/8257/5680/products/unisex-heavy-blend-hoodie-light-pink-front-62a4a83c24825.jpg | https://cdn.shopify.com/s/files/1/0095/8257/5680/products/unisex-heavy-blend-hoodie-white-front-62a4a83c25b34.jpg","MyShirtsDope.com","manual","","true","/product/6605948158016  /product/get-low-hoodie  301! | /product/6605951991872  /product/get-low-hoodie  301! | /product/get-low-hoodie-1  /product/get-low-hoodie  301!","get-low-hoodie-1","Get Low hoodie","gid://shopify/Product/6605951991872","2022-06-11T11:34:30-05:00","active","0","0","0.00","","0","12","Royal Blue | Heather Grey | Baby Pink","S | M | L | XL","2241366","54","3","https://cdn.shopify.com/s/files/1/0095/8257/5680/products/kids-hoodie-heather-grey-front-62a4c4133fd48.jpg | https://cdn.shopify.com/s/files/1/0095/8257/5680/products/kids-hoodie-royal-blue-front-62a4c4133fe7e.jpg | https://cdn.shopify.com/s/files/1/0095/8257/5680/products/kids-hoodie-baby-pink-front-62a4c4133ff3b.jpg","MyShirtsDope.com","manual","","false","/product/get-low-hoodie-1  /product/get-low-hoodie  301!","","","","","","","","","","","","","","","","","","","","","",""
"guess whos bizzack youth shirt","KEEP BOTH","guess-whos-bizzack-youth-shirt","","Same normalized title, but image URLs, variant sets, and SKU families differ; treat as distinct offers until artwork/provider intent is manually confirmed.","false","false","false","false","guess-whos-bizzack-youth-shirt-1: Heather Columbia Blue | 2T |  | guess-whos-bizzack-youth-shirt-1: Pink | 2T |  | guess-whos-bizzack-youth-shirt-1: White | 2T |  | guess-whos-bizzack-youth-shirt-1: Heather Columbia Blue | 3T |  | guess-whos-bizzack-youth-shirt-1: Pink | 3T |  | guess-whos-bizzack-youth-shirt-1: White | 3T |  | guess-whos-bizzack-youth-shirt-1: Heather Columbia Blue | 4T |  | guess-whos-bizzack-youth-shirt-1: Pink | 4T |  | guess-whos-bizzack-youth-shirt-1: White | 4T |  | guess-whos-bizzack-youth-shirt-1: Heather Columbia Blue | 5T |  | guess-whos-bizzack-youth-shirt-1: Pink | 5T |  | guess-whos-bizzack-youth-shirt-1: White | 5T | ","guess-whos-bizzack-youth-shirt:yes | guess-whos-bizzack-youth-shirt-1:no","guess-whos-bizzack-youth-shirt:/product/6605252657216  /product/guess-whos-bizzack-youth-shirt  301! | /product/6605252886592  /product/guess-whos-bizzack-youth-shirt  301! | /product/guess-whos-bizzack-youth-shirt-1  /product/guess-whos-bizzack-youth-shirt  301! || guess-whos-bizzack-youth-shirt-1:/product/guess-whos-bizzack-youth-shirt-1  /product/guess-whos-bizzack-youth-shirt  301!","guess-whos-bizzack-youth-shirt","Guess Whos Bizzack youth shirt","gid://shopify/Product/6605252657216","2022-06-07T21:06:14-05:00","active","0","0","0.00","","199980","20","Red | Athletic Heather | True Royal | White | Kelly","S | M | L | XL","7632893","30","5","https://cdn.shopify.com/s/files/1/0095/8257/5680/products/youth-staple-tee-athletic-heather-front-62a004117b2e4.jpg | https://cdn.shopify.com/s/files/1/0095/8257/5680/products/youth-staple-tee-red-front-62a004117b568.jpg | https://cdn.shopify.com/s/files/1/0095/8257/5680/products/youth-staple-tee-true-royal-front-62a004117b649.jpg | https://cdn.shopify.com/s/files/1/0095/8257/5680/products/youth-staple-tee-kelly-front-62a004117b77d.jpg | https://cdn.shopify.com/s/files/1/0095/8257/5680/products/youth-staple-tee-white-front-62a004117b95e.jpg","MyShirtsDope.com","manual","","true","/product/6605252657216  /product/guess-whos-bizzack-youth-shirt  301! | /product/6605252886592  /product/guess-whos-bizzack-youth-shirt  301! | /product/guess-whos-bizzack-youth-shirt-1  /product/guess-whos-bizzack-youth-shirt  301!","guess-whos-bizzack-youth-shirt-1","Guess Whos Bizzack youth shirt","gid://shopify/Product/6605252886592","2022-06-07T21:13:07-05:00","active","0","0","0.00","","119988","12","Heather Columbia Blue | Pink | White","2T | 3T | 4T | 5T","7245292","30","3","https://cdn.shopify.com/s/files/1/0095/8257/5680/products/toddler-staple-tee-heather-columbia-blue-front-62a005b03288c.jpg | https://cdn.shopify.com/s/files/1/0095/8257/5680/products/toddler-staple-tee-pink-front-62a005b0329be.jpg | https://cdn.shopify.com/s/files/1/0095/8257/5680/products/toddler-staple-tee-white-front-62a005b032abd.jpg","MyShirtsDope.com","manual","","false","/product/guess-whos-bizzack-youth-shirt-1  /product/guess-whos-bizzack-youth-shirt  301!","","","","","","","","","","","","","","","","","","","","","",""
"hieroglyphics onesie","KEEP BOTH","hieroglyphics-onesie","","Same normalized title, but image URLs, variant sets, and SKU families differ; treat as distinct offers until artwork/provider intent is manually confirmed.","false","false","true","false","hieroglyphics-onesie-1: Black | 3-6m |  | hieroglyphics-onesie-1: Black | 6-12m |  | hieroglyphics-onesie-1: Black | 12-18m |  | hieroglyphics-onesie-1: Black | 18-24m |  | hieroglyphics-onesie-1: Dark Grey Heather | 3-6m |  | hieroglyphics-onesie-1: Dark Grey Heather | 6-12m |  | hieroglyphics-onesie-1: Dark Grey Heather | 12-18m |  | hieroglyphics-onesie-1: Dark Grey Heather | 18-24m |  | hieroglyphics-onesie-1: Yellow | 3-6m |  | hieroglyphics-onesie-1: Yellow | 6-12m |  | hieroglyphics-onesie-1: Yellow | 12-18m |  | hieroglyphics-onesie-1: Yellow | 18-24m | ","hieroglyphics-onesie:yes | hieroglyphics-onesie-1:no","hieroglyphics-onesie:/product/6701758873664  /product/hieroglyphics-onesie  301! | /product/6588635152448  /product/hieroglyphics-onesie  301! | /product/hieroglyphics-onesie-1  /product/hieroglyphics-onesie  301! || hieroglyphics-onesie-1:/product/hieroglyphics-onesie-1  /product/hieroglyphics-onesie  301!","hieroglyphics-onesie","Hieroglyphics onesie","gid://shopify/Product/6588635152448","2022-01-10T13:28:37-06:00","active","0","0","0.00","","119988","16","Heather Columbia Blue | Athletic Heather | Pink | White","3-6m | 6-12m | 12-18m | 18-24m","9801155","30","4","https://cdn.shopify.com/s/files/1/0095/8257/5680/products/baby-short-sleeve-one-piece-athletic-heather-front-61dc88e24e370.jpg | https://cdn.shopify.com/s/files/1/0095/8257/5680/products/baby-short-sleeve-one-piece-heather-columbia-blue-front-61dc88e24e4bf.jpg | https://cdn.shopify.com/s/files/1/0095/8257/5680/products/baby-short-sleeve-one-piece-pink-front-61dc88e24e5a7.jpg | https://cdn.shopify.com/s/files/1/0095/8257/5680/products/baby-short-sleeve-one-piece-white-front-61dc88e24e6b5.jpg","MyShirtsDope.com","manual","","true","/product/6701758873664  /product/hieroglyphics-onesie  301! | /product/6588635152448  /product/hieroglyphics-onesie  301! | /product/hieroglyphics-onesie-1  /product/hieroglyphics-onesie  301!","hieroglyphics-onesie-1","Hieroglyphics onesie","gid://shopify/Product/6701758873664","2023-01-24T17:22:57-06:00","active","0","0","0.00","","179981","24","Black | Dark Grey Heather | Heather Columbia Blue | Athletic Heather | Pink | Yellow","3-6m | 6-12m | 12-18m | 18-24m","6987891","30","6","https://cdn.shopify.com/s/files/1/0095/8257/5680/products/baby-short-sleeve-one-piece-dark-grey-heather-front-63d0676aa813d.jpg | https://cdn.shopify.com/s/files/1/0095/8257/5680/products/baby-short-sleeve-one-piece-black-front-63d0676aa9e06.jpg | https://cdn.shopify.com/s/files/1/0095/8257/5680/products/baby-short-sleeve-one-piece-heather-columbia-blue-front-63d0676aa9f01.jpg | https://cdn.shopify.com/s/files/1/0095/8257/5680/products/baby-short-sleeve-one-piece-athletic-heather-front-63d0676aaa063.jpg | https://cdn.shopify.com/s/files/1/0095/8257/5680/products/baby-short-sleeve-one-piece-pink-front-63d0676aaa224.jpg | https://cdn.shopify.com/s/files/1/0095/8257/5680/products/baby-short-sleeve-one-piece-yellow-front-63d0676aaa40d.jpg","MyShirtsDope.com","manual","","false","/product/hieroglyphics-onesie-1  /product/hieroglyphics-onesie  301!","","","","","","","","","","","","","","","","","","","","","",""
"i cant live w o my radio youth hoodie","KEEP BOTH","i-cant-live-w-o-my-radio-youth-hoodie","","Same normalized title, but image URLs, variant sets, and SKU families differ; treat as distinct offers until artwork/provider intent is manually confirmed.","false","false","false","false","i-cant-live-w-o-my-radio-youth-hoodie-1: Heather Columbia Blue | 2T |  | i-cant-live-w-o-my-radio-youth-hoodie-1: Pink | 2T |  | i-cant-live-w-o-my-radio-youth-hoodie-1: White | 2T |  | i-cant-live-w-o-my-radio-youth-hoodie-1: Heather Columbia Blue | 3T |  | i-cant-live-w-o-my-radio-youth-hoodie-1: Pink | 3T |  | i-cant-live-w-o-my-radio-youth-hoodie-1: White | 3T |  | i-cant-live-w-o-my-radio-youth-hoodie-1: Heather Columbia Blue | 4T |  | i-cant-live-w-o-my-radio-youth-hoodie-1: Pink | 4T |  | i-cant-live-w-o-my-radio-youth-hoodie-1: White | 4T |  | i-cant-live-w-o-my-radio-youth-hoodie-1: Heather Columbia Blue | 5T |  | i-cant-live-w-o-my-radio-youth-hoodie-1: Pink | 5T |  | i-cant-live-w-o-my-radio-youth-hoodie-1: White | 5T | ","i-cant-live-w-o-my-radio-youth-hoodie:yes | i-cant-live-w-o-my-radio-youth-hoodie-1:no","i-cant-live-w-o-my-radio-youth-hoodie:/product/6603890262080  /product/i-cant-live-w-o-my-radio-youth-hoodie  301! | /product/6603890098240  /product/i-cant-live-w-o-my-radio-youth-hoodie  301! | /product/i-cant-live-w-o-my-radio-youth-hoodie-1  /product/i-cant-live-w-o-my-radio-youth-hoodie  301! || i-cant-live-w-o-my-radio-youth-hoodie-1:/product/i-cant-live-w-o-my-radio-youth-hoodie-1  /product/i-cant-live-w-o-my-radio-youth-hoodie  301!","i-cant-live-w-o-my-radio-youth-hoodie","I Cant Live w/o My Radio youth hoodie","gid://shopify/Product/6603890098240","2022-05-23T23:40:32-05:00","active","0","0","0.00","","0","12","Royal Blue | Heather Grey | Baby Pink","S | M | L | XL","8449494","54","3","https://cdn.shopify.com/s/files/1/0095/8257/5680/products/kids-hoodie-heather-grey-front-628c61bce1988.jpg | https://cdn.shopify.com/s/files/1/0095/8257/5680/products/kids-hoodie-royal-blue-front-628c61bce1f84.jpg | https://cdn.shopify.com/s/files/1/0095/8257/5680/products/kids-hoodie-baby-pink-front-628c61bce20ca.jpg","MyShirtsDope.com","manual","","true","/product/6603890262080  /product/i-cant-live-w-o-my-radio-youth-hoodie  301! | /product/6603890098240  /product/i-cant-live-w-o-my-radio-youth-hoodie  301! | /product/i-cant-live-w-o-my-radio-youth-hoodie-1  /product/i-cant-live-w-o-my-radio-youth-hoodie  301!","i-cant-live-w-o-my-radio-youth-hoodie-1","I Cant Live w/o My Radio youth hoodie","gid://shopify/Product/6603890262080","2022-05-23T23:44:21-05:00","active","0","0","0.00","","119988","12","Heather Columbia Blue | Pink | White","2T | 3T | 4T | 5T","8580528","30","3","https://cdn.shopify.com/s/files/1/0095/8257/5680/products/toddler-staple-tee-heather-columbia-blue-front-628c62a2cd5cd.jpg | https://cdn.shopify.com/s/files/1/0095/8257/5680/products/toddler-staple-tee-pink-front-628c62a2cd6e6.jpg | https://cdn.shopify.com/s/files/1/0095/8257/5680/products/toddler-staple-tee-white-front-628c62a2cd7f9.jpg","MyShirtsDope.com","manual","","false","/product/i-cant-live-w-o-my-radio-youth-hoodie-1  /product/i-cant-live-w-o-my-radio-youth-hoodie  301!","","","","","","","","","","","","","","","","","","","","","",""
"little mike shirt","KEEP BOTH","little-mike-shirt","","Same normalized title, but image URLs, variant sets, and SKU families differ; treat as distinct offers until artwork/provider intent is manually confirmed.","false","false","true","false","little-mike-shirt-1: Indigo Blue | S |  | little-mike-shirt-1: Indigo Blue | M |  | little-mike-shirt-1: Indigo Blue | L |  | little-mike-shirt-1: Indigo Blue | XL |  | little-mike-shirt-1: Indigo Blue | 2XL |  | little-mike-shirt-1: Irish Green | S |  | little-mike-shirt-1: Irish Green | M |  | little-mike-shirt-1: Irish Green | L |  | little-mike-shirt-1: Irish Green | XL |  | little-mike-shirt-1: Irish Green | 2XL |  | little-mike-shirt-1: Sport Grey | S |  | little-mike-shirt-1: Sport Grey | M |  | little-mike-shirt-1: Sport Grey | L |  | little-mike-shirt-1: Sport Grey | XL |  | little-mike-shirt-1: Sport Grey | 2XL |  | little-mike-shirt-1: Light Pink | S |  | little-mike-shirt-1: Light Pink | M |  | little-mike-shirt-1: Light Pink | L |  | little-mike-shirt-1: Light Pink | XL |  | little-mike-shirt-1: Light Pink | 2XL |  | little-mike-shirt-1: White | S |  | little-mike-shirt-1: White | M |  | little-mike-shirt-1: White | L |  | little-mike-shirt-1: White | XL |  | little-mike-shirt-1: White | 2XL | ","little-mike-shirt:yes | little-mike-shirt-1:no","little-mike-shirt:/product/6702119387200  /product/little-mike-shirt  301! | /product/6702119059520  /product/little-mike-shirt  301! | /product/little-mike-shirt-1  /product/little-mike-shirt  301! || little-mike-shirt-1:/product/little-mike-shirt-1  /product/little-mike-shirt  301!","little-mike-shirt","Little Mike shirt","gid://shopify/Product/6702119059520","2023-01-25T23:42:16-06:00","active","0","0","0.00","","349965","35","Red | True Royal | Kelly | Pink | Athletic Heather | Light Blue | Yellow","S | M | L | XL | 2XL","4759951","36","7","https://cdn.shopify.com/s/files/1/0095/8257/5680/products/unisex-staple-t-shirt-kelly-front-63d212b28624a.jpg | https://cdn.shopify.com/s/files/1/0095/8257/5680/products/unisex-staple-t-shirt-red-front-63d212b288d61.jpg | https://cdn.shopify.com/s/files/1/0095/8257/5680/products/unisex-staple-t-shirt-true-royal-front-63d212b2893b1.jpg | https://cdn.shopify.com/s/files/1/0095/8257/5680/products/unisex-staple-t-shirt-pink-front-63d212b28a160.jpg | https://cdn.shopify.com/s/files/1/0095/8257/5680/products/unisex-staple-t-shirt-athletic-heather-front-63d212b28b5e2.jpg | https://cdn.shopify.com/s/files/1/0095/8257/5680/products/unisex-staple-t-shirt-light-blue-front-63d212b28cee6.jpg | https://cdn.shopify.com/s/files/1/0095/8257/5680/products/unisex-staple-t-shirt-yellow-front-63d212b28eea8.jpg","MyShirtsDope.com","manual","","true","/product/6702119387200  /product/little-mike-shirt  301! | /product/6702119059520  /product/little-mike-shirt  301! | /product/little-mike-shirt-1  /product/little-mike-shirt  301!","little-mike-shirt-1","Little Mike shirt","gid://shopify/Product/6702119387200","2023-01-25T23:49:22-06:00","active","0","0","0.00","","349965","35","Red | Indigo Blue | Irish Green | Sport Grey | Light Blue | Light Pink | White","S | M | L | XL | 2XL","7657885","60","7","https://cdn.shopify.com/s/files/1/0095/8257/5680/products/unisex-heavy-blend-hoodie-white-front-63d2145c48bd0.jpg | https://cdn.shopify.com/s/files/1/0095/8257/5680/products/unisex-heavy-blend-hoodie-red-front-63d2145c4ac38.jpg | https://cdn.shopify.com/s/files/1/0095/8257/5680/products/unisex-heavy-blend-hoodie-indigo-blue-front-63d2145c4b08f.jpg | https://cdn.shopify.com/s/files/1/0095/8257/5680/products/unisex-heavy-blend-hoodie-irish-green-front-63d2145c4b7b5.jpg | https://cdn.shopify.com/s/files/1/0095/8257/5680/products/unisex-heavy-blend-hoodie-sport-grey-front-63d2145c4c17a.jpg | https://cdn.shopify.com/s/files/1/0095/8257/5680/products/unisex-heavy-blend-hoodie-light-blue-front-63d2145c4cd48.jpg | https://cdn.shopify.com/s/files/1/0095/8257/5680/products/unisex-heavy-blend-hoodie-light-pink-front-63d2145c4d762.jpg","MyShirtsDope.com","manual","","false","/product/little-mike-shirt-1  /product/little-mike-shirt  301!","","","","","","","","","","","","","","","","","","","","","",""
"lyrics 2 go shirt","KEEP BOTH","lyrics-2-go-shirt","","Same normalized title, but image URLs, variant sets, and SKU families differ; treat as distinct offers until artwork/provider intent is manually confirmed.","false","false","true","false","lyrics-2-go-shirt-1: Light Pink | S |  | lyrics-2-go-shirt-1: Sport Grey | S |  | lyrics-2-go-shirt-1: Light Blue | S |  | lyrics-2-go-shirt-1: Indigo Blue | S |  | lyrics-2-go-shirt-1: Irish Green | S |  | lyrics-2-go-shirt-1: Light Blue | M |  | lyrics-2-go-shirt-1: Irish Green | M |  | lyrics-2-go-shirt-1: Light Pink | M |  | lyrics-2-go-shirt-1: Indigo Blue | M |  | lyrics-2-go-shirt-1: Sport Grey | M |  | lyrics-2-go-shirt-1: Light Pink | L |  | lyrics-2-go-shirt-1: Light Blue | L |  | lyrics-2-go-shirt-1: Sport Grey | L |  | lyrics-2-go-shirt-1: Indigo Blue | L |  | lyrics-2-go-shirt-1: Irish Green | L |  | lyrics-2-go-shirt-1: Sport Grey | XL |  | lyrics-2-go-shirt-1: Light Pink | XL |  | lyrics-2-go-shirt-1: Indigo Blue | XL |  | lyrics-2-go-shirt-1: Irish Green | XL |  | lyrics-2-go-shirt-1: Light Blue | XL |  | lyrics-2-go-shirt-1: Sport Grey | 2XL |  | lyrics-2-go-shirt-1: Indigo Blue | 2XL |  | lyrics-2-go-shirt-1: Light Blue | 2XL |  | lyrics-2-go-shirt-1: Light Pink | 2XL |  | lyrics-2-go-shirt-1: Irish Green | 2XL | ","lyrics-2-go-shirt:yes | lyrics-2-go-shirt-1:no","lyrics-2-go-shirt:/product/6602735681600  /product/lyrics-2-go-shirt  301! | /product/6602735255616  /product/lyrics-2-go-shirt  301! | /product/lyrics-2-go-shirt-1  /product/lyrics-2-go-shirt  301! || lyrics-2-go-shirt-1:/product/lyrics-2-go-shirt-1  /product/lyrics-2-go-shirt  301!","lyrics-2-go-shirt","Lyrics 2 Go shirt","gid://shopify/Product/6602735255616","2022-05-08T20:49:29-05:00","active","0","0","0.00","","349965","35","Red | Yellow | Pink | Athletic Heather | White | True Royal | Kelly","S | M | L | XL | 2XL","9003461","36","7","https://cdn.shopify.com/s/files/1/0095/8257/5680/products/unisex-staple-t-shirt-athletic-heather-front-6278731fb9590.jpg | https://cdn.shopify.com/s/files/1/0095/8257/5680/products/unisex-staple-t-shirt-red-front-6278731fbab96.jpg | https://cdn.shopify.com/s/files/1/0095/8257/5680/products/unisex-staple-t-shirt-true-royal-front-6278731fbb188.jpg | https://cdn.shopify.com/s/files/1/0095/8257/5680/products/unisex-staple-t-shirt-kelly-front-6278731fbba90.jpg | https://cdn.shopify.com/s/files/1/0095/8257/5680/products/unisex-staple-t-shirt-pink-front-6278731fbc5a3.jpg | https://cdn.shopify.com/s/files/1/0095/8257/5680/products/unisex-staple-t-shirt-yellow-front-6278731fbd86b.jpg | https://cdn.shopify.com/s/files/1/0095/8257/5680/products/unisex-staple-t-shirt-white-front-6278731fbef20.jpg","MyShirtsDope.com","manual","","true","/product/6602735681600  /product/lyrics-2-go-shirt  301! | /product/6602735255616  /product/lyrics-2-go-shirt  301! | /product/lyrics-2-go-shirt-1  /product/lyrics-2-go-shirt  301!","lyrics-2-go-shirt-1","Lyrics 2 Go shirt","gid://shopify/Product/6602735681600","2022-05-08T20:55:52-05:00","active","0","0","0.00","","349965","35","Red | Light Pink | Sport Grey | Light Blue | White | Indigo Blue | Irish Green","S | M | L | XL | 2XL","9737688","60","7","https://cdn.shopify.com/s/files/1/0095/8257/5680/products/unisex-heavy-blend-hoodie-sport-grey-front-627874a053ee4.jpg | https://cdn.shopify.com/s/files/1/0095/8257/5680/products/unisex-heavy-blend-hoodie-red-front-627874a054661.jpg | https://cdn.shopify.com/s/files/1/0095/8257/5680/products/unisex-heavy-blend-hoodie-indigo-blue-front-627874a0548de.jpg | https://cdn.shopify.com/s/files/1/0095/8257/5680/products/unisex-heavy-blend-hoodie-irish-green-front-627874a054c92.jpg | https://cdn.shopify.com/s/files/1/0095/8257/5680/products/unisex-heavy-blend-hoodie-light-blue-front-627874a055277.jpg | https://cdn.shopify.com/s/files/1/0095/8257/5680/products/unisex-heavy-blend-hoodie-light-pink-front-627874a055ef6.jpg | https://cdn.shopify.com/s/files/1/0095/8257/5680/products/unisex-heavy-blend-hoodie-white-front-627874a056d15.jpg","MyShirtsDope.com","manual","","false","/product/lyrics-2-go-shirt-1  /product/lyrics-2-go-shirt  301!","","","","","","","","","","","","","","","","","","","","","",""
"mic checka youth shirt","KEEP BOTH","mic-checka-youth-shirt","","Same normalized title, but image URLs, variant sets, and SKU families differ; treat as distinct offers until artwork/provider intent is manually confirmed.","false","false","true","false","mic-checka-youth-shirt-1: Royal Blue | S |  | mic-checka-youth-shirt-1: Heather Grey | S |  | mic-checka-youth-shirt-1: Baby Pink | S |  | mic-checka-youth-shirt-1: Royal Blue | M |  | mic-checka-youth-shirt-1: Heather Grey | M |  | mic-checka-youth-shirt-1: Baby Pink | M |  | mic-checka-youth-shirt-1: Royal Blue | L |  | mic-checka-youth-shirt-1: Heather Grey | L |  | mic-checka-youth-shirt-1: Baby Pink | L |  | mic-checka-youth-shirt-1: Royal Blue | XL |  | mic-checka-youth-shirt-1: Heather Grey | XL |  | mic-checka-youth-shirt-1: Baby Pink | XL | ","mic-checka-youth-shirt:yes | mic-checka-youth-shirt-1:no","mic-checka-youth-shirt:/product/6602558144576  /product/mic-checka-youth-shirt  301! | /product/6602558242880  /product/mic-checka-youth-shirt  301! | /product/mic-checka-youth-shirt-1  /product/mic-checka-youth-shirt  301! || mic-checka-youth-shirt-1:/product/mic-checka-youth-shirt-1  /product/mic-checka-youth-shirt  301!","mic-checka-youth-shirt","Mic Checka youth shirt","gid://shopify/Product/6602558144576","2022-05-05T17:14:07-05:00","active","0","0","0.00","","199980","20","Red | Athletic Heather | True Royal | White | Kelly","S | M | L | XL","9389953","30","5","https://cdn.shopify.com/s/files/1/0095/8257/5680/products/youth-staple-tee-athletic-heather-front-62744c2aa39d7.jpg | https://cdn.shopify.com/s/files/1/0095/8257/5680/products/youth-staple-tee-red-front-62744c2aa4388.jpg | https://cdn.shopify.com/s/files/1/0095/8257/5680/products/youth-staple-tee-true-royal-front-62744c2aa458d.jpg | https://cdn.shopify.com/s/files/1/0095/8257/5680/products/youth-staple-tee-kelly-front-62744c2aa47f9.jpg | https://cdn.shopify.com/s/files/1/0095/8257/5680/products/youth-staple-tee-white-front-62744c2aa4bbe.jpg","MyShirtsDope.com","manual","","true","/product/6602558144576  /product/mic-checka-youth-shirt  301! | /product/6602558242880  /product/mic-checka-youth-shirt  301! | /product/mic-checka-youth-shirt-1  /product/mic-checka-youth-shirt  301!","mic-checka-youth-shirt-1","Mic Checka youth shirt","gid://shopify/Product/6602558242880","2022-05-05T17:16:33-05:00","active","0","0","0.00","","0","12","Royal Blue | Heather Grey | Baby Pink","S | M | L | XL","6037599","54","3","https://cdn.shopify.com/s/files/1/0095/8257/5680/products/kids-hoodie-heather-grey-front-62744cbbbb4f7.jpg | https://cdn.shopify.com/s/files/1/0095/8257/5680/products/kids-hoodie-royal-blue-front-62744cbbbb770.jpg | https://cdn.shopify.com/s/files/1/0095/8257/5680/products/kids-hoodie-baby-pink-front-62744cbbbb94a.jpg","MyShirtsDope.com","manual","","false","/product/mic-checka-youth-shirt-1  /product/mic-checka-youth-shirt  301!","","","","","","","","","","","","","","","","","","","","","",""
"new edition hoodie","KEEP BOTH","new-edition-hoodie","","Same normalized title, but image URLs, variant sets, and SKU families differ; treat as distinct offers until artwork/provider intent is manually confirmed.","false","false","true","false","new-edition-hoodie-1: Black | S |  | new-edition-hoodie-1: Black | M |  | new-edition-hoodie-1: Black | L |  | new-edition-hoodie-1: Black | XL |  | new-edition-hoodie-1: Black | 2XL |  | new-edition-hoodie-1: Navy | S |  | new-edition-hoodie-1: Navy | M |  | new-edition-hoodie-1: Navy | L |  | new-edition-hoodie-1: Navy | XL |  | new-edition-hoodie-1: Navy | 2XL |  | new-edition-hoodie-1: Sport Grey | S |  | new-edition-hoodie-1: Sport Grey | M |  | new-edition-hoodie-1: Sport Grey | L |  | new-edition-hoodie-1: Sport Grey | XL |  | new-edition-hoodie-1: Sport Grey | 2XL | ","new-edition-hoodie:yes | new-edition-hoodie-1:no","new-edition-hoodie:/product/6702173585472  /product/new-edition-hoodie  301! | /product/6597457870912  /product/new-edition-hoodie  301! | /product/new-edition-hoodie-1  /product/new-edition-hoodie  301! || new-edition-hoodie-1:/product/new-edition-hoodie-1  /product/new-edition-hoodie  301!","new-edition-hoodie","New Edition hoodie","gid://shopify/Product/6597457870912","2022-03-12T21:09:33-06:00","active","0","0","0.00","","299970","30","Red | Irish Green | White | Light Pink | Light Blue | Indigo Blue","S | M | L | XL | 2XL","7929983","60","6","https://cdn.shopify.com/s/files/1/0095/8257/5680/products/unisex-heavy-blend-hoodie-light-blue-front-622d60689cb97.jpg | https://cdn.shopify.com/s/files/1/0095/8257/5680/products/unisex-heavy-blend-hoodie-red-front-622d60689d590.jpg | https://cdn.shopify.com/s/files/1/0095/8257/5680/products/unisex-heavy-blend-hoodie-indigo-blue-front-622d60689d8a0.jpg | https://cdn.shopify.com/s/files/1/0095/8257/5680/products/unisex-heavy-blend-hoodie-irish-green-front-622d60689dda9.jpg | https://cdn.shopify.com/s/files/1/0095/8257/5680/products/unisex-heavy-blend-hoodie-light-pink-front-622d60689e5be.jpg | https://cdn.shopify.com/s/files/1/0095/8257/5680/products/unisex-heavy-blend-hoodie-white-front-622d60689f187.jpg","MyShirtsDope.com","manual","","true","/product/6702173585472  /product/new-edition-hoodie  301! | /product/6597457870912  /product/new-edition-hoodie  301! | /product/new-edition-hoodie-1  /product/new-edition-hoodie  301!","new-edition-hoodie-1","New Edition hoodie","gid://shopify/Product/6702173585472","2023-01-26T12:34:57-06:00","active","0","0","0.00","","449955","45","Black | Navy | Red | Indigo Blue | Irish Green | Sport Grey | Light Blue | Light Pink | White","S | M | L | XL | 2XL","7686336","60","9","https://cdn.shopify.com/s/files/1/0095/8257/5680/products/unisex-heavy-blend-hoodie-indigo-blue-front-63d2c7a32bf0e.jpg | https://cdn.shopify.com/s/files/1/0095/8257/5680/products/unisex-heavy-blend-hoodie-black-front-63d2c7a32f446.jpg | https://cdn.shopify.com/s/files/1/0095/8257/5680/products/unisex-heavy-blend-hoodie-navy-front-63d2c7a32faa0.jpg | https://cdn.shopify.com/s/files/1/0095/8257/5680/products/unisex-heavy-blend-hoodie-red-front-63d2c7a3302e2.jpg | https://cdn.shopify.com/s/files/1/0095/8257/5680/products/unisex-heavy-blend-hoodie-irish-green-front-63d2c7a331219.jpg | https://cdn.shopify.com/s/files/1/0095/8257/5680/products/unisex-heavy-blend-hoodie-sport-grey-front-63d2c7a332c09.jpg | https://cdn.shopify.com/s/files/1/0095/8257/5680/products/unisex-heavy-blend-hoodie-light-blue-front-63d2c7a334aeb.jpg | https://cdn.shopify.com/s/files/1/0095/8257/5680/products/unisex-heavy-blend-hoodie-light-pink-front-63d2c7a33715f.jpg | https://cdn.shopify.com/s/files/1/0095/8257/5680/products/unisex-heavy-blend-hoodie-white-front-63d2c7a33c150.jpg","MyShirtsDope.com","manual","","false","/product/new-edition-hoodie-1  /product/new-edition-hoodie  301!","","","","","","","","","","","","","","","","","","","","","",""
"new edition onesie","KEEP BOTH","new-edition-onesie","","Same normalized title, but image URLs, variant sets, and SKU families differ; treat as distinct offers until artwork/provider intent is manually confirmed.","false","false","true","false","new-edition-onesie-1: Black | 3-6m |  | new-edition-onesie-1: Black | 6-12m |  | new-edition-onesie-1: Black | 12-18m |  | new-edition-onesie-1: Black | 18-24m |  | new-edition-onesie-1: Dark Grey Heather | 3-6m |  | new-edition-onesie-1: Dark Grey Heather | 6-12m |  | new-edition-onesie-1: Dark Grey Heather | 12-18m |  | new-edition-onesie-1: Dark Grey Heather | 18-24m |  | new-edition-onesie-1: Yellow | 3-6m |  | new-edition-onesie-1: Yellow | 6-12m |  | new-edition-onesie-1: Yellow | 12-18m |  | new-edition-onesie-1: Yellow | 18-24m | ","new-edition-onesie:yes | new-edition-onesie-1:no","new-edition-onesie:/product/6702174863424  /product/new-edition-onesie  301! | /product/6588634660928  /product/new-edition-onesie  301! | /product/new-edition-onesie-1  /product/new-edition-onesie  301! || new-edition-onesie-1:/product/new-edition-onesie-1  /product/new-edition-onesie  301!","new-edition-onesie","New Edition onesie","gid://shopify/Product/6588634660928","2022-01-10T13:18:09-06:00","active","0","0","0.00","","119988","16","Heather Columbia Blue | Athletic Heather | Pink | White","3-6m | 6-12m | 12-18m | 18-24m","7500305","30","4","https://cdn.shopify.com/s/files/1/0095/8257/5680/products/baby-short-sleeve-one-piece-athletic-heather-front-61dc866be7bfd.jpg | https://cdn.shopify.com/s/files/1/0095/8257/5680/products/baby-short-sleeve-one-piece-heather-columbia-blue-front-61dc866be7cd3.jpg | https://cdn.shopify.com/s/files/1/0095/8257/5680/products/baby-short-sleeve-one-piece-pink-front-61dc866be7d41.jpg | https://cdn.shopify.com/s/files/1/0095/8257/5680/products/baby-short-sleeve-one-piece-white-front-61dc866be7dbe.jpg","MyShirtsDope.com","manual","","true","/product/6702174863424  /product/new-edition-onesie  301! | /product/6588634660928  /product/new-edition-onesie  301! | /product/new-edition-onesie-1  /product/new-edition-onesie  301!","new-edition-onesie-1","New Edition onesie","gid://shopify/Product/6702174863424","2023-01-26T12:51:13-06:00","active","0","0","0.00","","209979","28","Black | Dark Grey Heather | Heather Columbia Blue | Athletic Heather | Pink | Yellow | White","3-6m | 6-12m | 12-18m | 18-24m","1009249","30","7","https://cdn.shopify.com/s/files/1/0095/8257/5680/products/baby-short-sleeve-one-piece-yellow-front-63d2cb43b4ad7.jpg | https://cdn.shopify.com/s/files/1/0095/8257/5680/products/baby-short-sleeve-one-piece-black-front-63d2cb43b5455.jpg | https://cdn.shopify.com/s/files/1/0095/8257/5680/products/baby-short-sleeve-one-piece-dark-grey-heather-front-63d2cb43b54ed.jpg | https://cdn.shopify.com/s/files/1/0095/8257/5680/products/baby-short-sleeve-one-piece-heather-columbia-blue-front-63d2cb43b5563.jpg | https://cdn.shopify.com/s/files/1/0095/8257/5680/products/baby-short-sleeve-one-piece-athletic-heather-front-63d2cb43b55f6.jpg | https://cdn.shopify.com/s/files/1/0095/8257/5680/products/baby-short-sleeve-one-piece-pink-front-63d2cb43b568b.jpg | https://cdn.shopify.com/s/files/1/0095/8257/5680/products/baby-short-sleeve-one-piece-white-front-63d2cb43b5738.jpg","MyShirtsDope.com","manual","","false","/product/new-edition-onesie-1  /product/new-edition-onesie  301!","","","","","","","","","","","","","","","","","","","","","",""
"new edition shirt","KEEP BOTH","new-edition-shirt","","Same normalized title, but image URLs, variant sets, and SKU families differ; treat as distinct offers until artwork/provider intent is manually confirmed.","false","false","true","false","new-edition-shirt-1: Black | S |  | new-edition-shirt-1: Black | M |  | new-edition-shirt-1: Black | L |  | new-edition-shirt-1: Black | XL |  | new-edition-shirt-1: Black | 2XL |  | new-edition-shirt-1: Navy | S |  | new-edition-shirt-1: Navy | M |  | new-edition-shirt-1: Navy | L |  | new-edition-shirt-1: Navy | XL |  | new-edition-shirt-1: Navy | 2XL | ","new-edition-shirt:yes | new-edition-shirt-1:no","new-edition-shirt:/product/6702173716544  /product/new-edition-shirt  301! | /product/6597457608768  /product/new-edition-shirt  301! | /product/new-edition-shirt-1  /product/new-edition-shirt  301! || new-edition-shirt-1:/product/new-edition-shirt-1  /product/new-edition-shirt  301!","new-edition-shirt","New Edition shirt","gid://shopify/Product/6597457608768","2022-03-12T21:06:42-06:00","active","0","0","0.00","","399960","40","Red | Kelly | White | Yellow | Light Blue | Pink | Athletic Heather | True Royal","S | M | L | XL | 2XL","3512664","36","8","https://cdn.shopify.com/s/files/1/0095/8257/5680/products/unisex-staple-t-shirt-athletic-heather-front-622d5fbee5d84.jpg | https://cdn.shopify.com/s/files/1/0095/8257/5680/products/unisex-staple-t-shirt-red-front-622d5fbee66ae.jpg | https://cdn.shopify.com/s/files/1/0095/8257/5680/products/unisex-staple-t-shirt-true-royal-front-622d5fbee6948.jpg | https://cdn.shopify.com/s/files/1/0095/8257/5680/products/unisex-staple-t-shirt-kelly-front-622d5fbee6ce2.jpg | https://cdn.shopify.com/s/files/1/0095/8257/5680/products/unisex-staple-t-shirt-pink-front-622d5fbee717d.jpg | https://cdn.shopify.com/s/files/1/0095/8257/5680/products/unisex-staple-t-shirt-light-blue-front-622d5fbee7922.jpg | https://cdn.shopify.com/s/files/1/0095/8257/5680/products/unisex-staple-t-shirt-yellow-front-622d5fbee826d.jpg | https://cdn.shopify.com/s/files/1/0095/8257/5680/products/unisex-staple-t-shirt-white-front-622d5fbee8d77.jpg","MyShirtsDope.com","manual","","true","/product/6702173716544  /product/new-edition-shirt  301! | /product/6597457608768  /product/new-edition-shirt  301! | /product/new-edition-shirt-1  /product/new-edition-shirt  301!","new-edition-shirt-1","New Edition shirt","gid://shopify/Product/6702173716544","2023-01-26T12:36:36-06:00","active","0","0","0.00","","449955","45","Black | Navy | Red | True Royal | Kelly | Pink | Athletic Heather | Light Blue | Yellow","S | M | L | XL | 2XL","9130400","36","9","https://cdn.shopify.com/s/files/1/0095/8257/5680/products/unisex-staple-t-shirt-red-front-63d2c8059eb23.jpg | https://cdn.shopify.com/s/files/1/0095/8257/5680/products/unisex-staple-t-shirt-black-front-63d2c805a1781.jpg | https://cdn.shopify.com/s/files/1/0095/8257/5680/products/unisex-staple-t-shirt-navy-front-63d2c805a1db3.jpg | https://cdn.shopify.com/s/files/1/0095/8257/5680/products/unisex-staple-t-shirt-true-royal-front-63d2c805a2dfc.jpg | https://cdn.shopify.com/s/files/1/0095/8257/5680/products/unisex-staple-t-shirt-kelly-front-63d2c805a4f65.jpg | https://cdn.shopify.com/s/files/1/0095/8257/5680/products/unisex-staple-t-shirt-pink-front-63d2c805a6da6.jpg | https://cdn.shopify.com/s/files/1/0095/8257/5680/products/unisex-staple-t-shirt-athletic-heather-front-63d2c805a99ff.jpg | https://cdn.shopify.com/s/files/1/0095/8257/5680/products/unisex-staple-t-shirt-light-blue-front-63d2c805ae007.jpg | https://cdn.shopify.com/s/files/1/0095/8257/5680/products/unisex-staple-t-shirt-yellow-front-63d2c805b2be0.jpg","MyShirtsDope.com","manual","","false","/product/new-edition-shirt-1  /product/new-edition-shirt  301!","","","","","","","","","","","","","","","","","","","","","",""
"new edition youth hoodie","KEEP BOTH","new-edition-youth-hoodie","","Same normalized title, but image URLs, variant sets, and SKU families differ; treat as distinct offers until artwork/provider intent is manually confirmed.","false","false","true","false","new-edition-youth-hoodie-1: Jet Black | S |  | new-edition-youth-hoodie-1: Jet Black | M |  | new-edition-youth-hoodie-1: Jet Black | L |  | new-edition-youth-hoodie-1: Jet Black | XL | ","new-edition-youth-hoodie:yes | new-edition-youth-hoodie-1:no","new-edition-youth-hoodie:/product/6702174371904  /product/new-edition-youth-hoodie  301! | /product/6597529698368  /product/new-edition-youth-hoodie  301! | /product/new-edition-youth-hoodie-1  /product/new-edition-youth-hoodie  301! || new-edition-youth-hoodie-1:/product/new-edition-youth-hoodie-1  /product/new-edition-youth-hoodie  301!","new-edition-youth-hoodie","New Edition youth hoodie","gid://shopify/Product/6597529698368","2022-03-13T10:26:38-05:00","active","0","0","0.00","","0","12","Royal Blue | Heather Grey | Baby Pink","S | M | L | XL","2265187","54","3","https://cdn.shopify.com/s/files/1/0095/8257/5680/products/kids-hoodie-heather-grey-front-622e0d2b7338b.jpg | https://cdn.shopify.com/s/files/1/0095/8257/5680/products/kids-hoodie-royal-blue-front-622e0d2b73c23.jpg | https://cdn.shopify.com/s/files/1/0095/8257/5680/products/kids-hoodie-baby-pink-front-622e0d2b73e35.jpg","MyShirtsDope.com","manual","","true","/product/6702174371904  /product/new-edition-youth-hoodie  301! | /product/6597529698368  /product/new-edition-youth-hoodie  301! | /product/new-edition-youth-hoodie-1  /product/new-edition-youth-hoodie  301!","new-edition-youth-hoodie-1","New Edition youth hoodie","gid://shopify/Product/6702174371904","2023-01-26T12:43:29-06:00","active","0","0","0.00","","0","16","Jet Black | Royal Blue | Heather Grey | Baby Pink","S | M | L | XL","4250982","54","4","https://cdn.shopify.com/s/files/1/0095/8257/5680/products/kids-hoodie-heather-grey-front-63d2c9bca2738.jpg | https://cdn.shopify.com/s/files/1/0095/8257/5680/products/kids-hoodie-jet-black-front-63d2c9bca4009.jpg | https://cdn.shopify.com/s/files/1/0095/8257/5680/products/kids-hoodie-royal-blue-front-63d2c9bca40f5.jpg | https://cdn.shopify.com/s/files/1/0095/8257/5680/products/kids-hoodie-baby-pink-front-63d2c9bca427a.jpg","MyShirtsDope.com","manual","","false","/product/new-edition-youth-hoodie-1  /product/new-edition-youth-hoodie  301!","","","","","","","","","","","","","","","","","","","","","",""
"new edition youth shirt","KEEP BOTH","new-edition-youth-shirt","","Same normalized title, but image URLs, variant sets, and SKU families differ; treat as distinct offers until artwork/provider intent is manually confirmed.","false","false","true","false","new-edition-youth-shirt-1: Black | S |  | new-edition-youth-shirt-1: Black | M |  | new-edition-youth-shirt-1: Black | L |  | new-edition-youth-shirt-1: Black | XL |  | new-edition-youth-shirt-1: Navy | S |  | new-edition-youth-shirt-1: Navy | M |  | new-edition-youth-shirt-1: Navy | L |  | new-edition-youth-shirt-1: Navy | XL | ","new-edition-youth-shirt:yes | new-edition-youth-shirt-1:no","new-edition-youth-shirt:/product/6702174568512  /product/new-edition-youth-shirt  301! | /product/6597459116096  /product/new-edition-youth-shirt  301! | /product/new-edition-youth-shirt-1  /product/new-edition-youth-shirt  301! || new-edition-youth-shirt-1:/product/new-edition-youth-shirt-1  /product/new-edition-youth-shirt  301!","new-edition-youth-shirt","New Edition youth shirt","gid://shopify/Product/6597459116096","2022-03-12T21:16:30-06:00","active","0","0","0.00","","239976","24","Red | Kelly | White | Athletic Heather | Heather Columbia Blue | True Royal","S | M | L | XL","6072466","30","6","https://cdn.shopify.com/s/files/1/0095/8257/5680/products/youth-staple-tee-athletic-heather-front-622d620ae0086.jpg | https://cdn.shopify.com/s/files/1/0095/8257/5680/products/youth-staple-tee-red-front-622d620ae03b8.jpg | https://cdn.shopify.com/s/files/1/0095/8257/5680/products/youth-staple-tee-true-royal-front-622d620ae04b1.jpg | https://cdn.shopify.com/s/files/1/0095/8257/5680/products/youth-staple-tee-kelly-front-622d620ae05e9.jpg | https://cdn.shopify.com/s/files/1/0095/8257/5680/products/youth-staple-tee-heather-columbia-blue-front-622d620ae0798.jpg | https://cdn.shopify.com/s/files/1/0095/8257/5680/products/youth-staple-tee-white-front-622d620ae09c5.jpg","MyShirtsDope.com","manual","","true","/product/6702174568512  /product/new-edition-youth-shirt  301! | /product/6597459116096  /product/new-edition-youth-shirt  301! | /product/new-edition-youth-shirt-1  /product/new-edition-youth-shirt  301!","new-edition-youth-shirt-1","New Edition youth shirt","gid://shopify/Product/6702174568512","2023-01-26T12:46:47-06:00","active","0","0","0.00","","239976","24","Black | Navy | Red | True Royal | Kelly | Athletic Heather","S | M | L | XL","5737401","30","6","https://cdn.shopify.com/s/files/1/0095/8257/5680/products/youth-staple-tee-kelly-front-63d2ca54efca1.jpg | https://cdn.shopify.com/s/files/1/0095/8257/5680/products/youth-staple-tee-black-front-63d2ca55005df.jpg | https://cdn.shopify.com/s/files/1/0095/8257/5680/products/youth-staple-tee-navy-front-63d2ca550079d.jpg | https://cdn.shopify.com/s/files/1/0095/8257/5680/products/youth-staple-tee-red-front-63d2ca5500954.jpg | https://cdn.shopify.com/s/files/1/0095/8257/5680/products/youth-staple-tee-true-royal-front-63d2ca5500b9b.jpg | https://cdn.shopify.com/s/files/1/0095/8257/5680/products/youth-staple-tee-athletic-heather-front-63d2ca5500e99.jpg","MyShirtsDope.com","manual","","false","/product/new-edition-youth-shirt-1  /product/new-edition-youth-shirt  301!","","","","","","","","","","","","","","","","","","","","","",""
"on my block youth shirt","KEEP BOTH","on-my-block-youth-shirt","","Same normalized title, but image URLs, variant sets, and SKU families differ; treat as distinct offers until artwork/provider intent is manually confirmed.","false","false","true","false","on-my-block-youth-shirt-1: Royal Blue | S |  | on-my-block-youth-shirt-1: Heather Grey | S |  | on-my-block-youth-shirt-1: Baby Pink | S |  | on-my-block-youth-shirt-1: Royal Blue | M |  | on-my-block-youth-shirt-1: Heather Grey | M |  | on-my-block-youth-shirt-1: Baby Pink | M |  | on-my-block-youth-shirt-1: Royal Blue | L |  | on-my-block-youth-shirt-1: Heather Grey | L |  | on-my-block-youth-shirt-1: Baby Pink | L |  | on-my-block-youth-shirt-1: Royal Blue | XL |  | on-my-block-youth-shirt-1: Heather Grey | XL |  | on-my-block-youth-shirt-1: Baby Pink | XL | ","on-my-block-youth-shirt:yes | on-my-block-youth-shirt-1:no","on-my-block-youth-shirt:/product/6601499705408  /product/on-my-block-youth-shirt  301! | /product/6601500328000  /product/on-my-block-youth-shirt  301! | /product/on-my-block-youth-shirt-1  /product/on-my-block-youth-shirt  301! || on-my-block-youth-shirt-1:/product/on-my-block-youth-shirt-1  /product/on-my-block-youth-shirt  301!","on-my-block-youth-shirt","On My Block youth shirt","gid://shopify/Product/6601499705408","2022-04-20T20:45:49-05:00","active","0","0","0.00","","199980","20","Red | Athletic Heather | True Royal | White | Kelly","S | M | L | XL","8377451","30","5","https://cdn.shopify.com/s/files/1/0095/8257/5680/products/youth-staple-tee-athletic-heather-front-6260b74adb26f.jpg | https://cdn.shopify.com/s/files/1/0095/8257/5680/products/youth-staple-tee-red-front-6260b74adb6ad.jpg | https://cdn.shopify.com/s/files/1/0095/8257/5680/products/youth-staple-tee-true-royal-front-6260b74adb850.jpg | https://cdn.shopify.com/s/files/1/0095/8257/5680/products/youth-staple-tee-kelly-front-6260b74adba72.jpg | https://cdn.shopify.com/s/files/1/0095/8257/5680/products/youth-staple-tee-white-front-6260b74adbdc8.jpg","MyShirtsDope.com","manual","","true","/product/6601499705408  /product/on-my-block-youth-shirt  301! | /product/6601500328000  /product/on-my-block-youth-shirt  301! | /product/on-my-block-youth-shirt-1  /product/on-my-block-youth-shirt  301!","on-my-block-youth-shirt-1","On My Block youth shirt","gid://shopify/Product/6601500328000","2022-04-20T20:51:24-05:00","active","0","0","0.00","","0","12","Royal Blue | Heather Grey | Baby Pink","S | M | L | XL","7336814","54","3","https://cdn.shopify.com/s/files/1/0095/8257/5680/products/kids-hoodie-heather-grey-front-6260b896a8a41.jpg | https://cdn.shopify.com/s/files/1/0095/8257/5680/products/kids-hoodie-royal-blue-front-6260b896a8b76.jpg | https://cdn.shopify.com/s/files/1/0095/8257/5680/products/kids-hoodie-baby-pink-front-6260b896a8c32.jpg","MyShirtsDope.com","manual","","false","/product/on-my-block-youth-shirt-1  /product/on-my-block-youth-shirt  301!","","","","","","","","","","","","","","","","","","","","","",""
"poetic justice onesie","MERGE","poetic-justice-onesie","poetic-justice-onesie-1","Same normalized title and vendor and fulfillment service; keep poetic-justice-onesie because it has no lower recorded sales and the older record. Review flagged non-keeper-only variants before any archive.","true","true","true","false","","poetic-justice-onesie:yes | poetic-justice-onesie-1:no","poetic-justice-onesie:/product/6588634595392  /product/poetic-justice-onesie  301! | /product/6589967269952  /product/poetic-justice-onesie  301! | /product/poetic-justice-onesie-1  /product/poetic-justice-onesie  301! || poetic-justice-onesie-1:/product/poetic-justice-onesie-1  /product/poetic-justice-onesie  301!","poetic-justice-onesie","Poetic Justice onesie","gid://shopify/Product/6588634595392","2022-01-10T13:15:10-06:00","active","0","0","0.00","","119988","16","Heather Columbia Blue | Athletic Heather | Pink | White","3-6m | 6-12m | 12-18m | 18-24m","9562341","26.4-30","4","https://cdn.shopify.com/s/files/1/0095/8257/5680/products/baby-short-sleeve-one-piece-athletic-heather-front-61dc85bbc3a71.jpg | https://cdn.shopify.com/s/files/1/0095/8257/5680/products/baby-short-sleeve-one-piece-heather-columbia-blue-front-61dc85bbc3c14.jpg | https://cdn.shopify.com/s/files/1/0095/8257/5680/products/baby-short-sleeve-one-piece-pink-front-61dc85bbc3d16.jpg | https://cdn.shopify.com/s/files/1/0095/8257/5680/products/baby-short-sleeve-one-piece-white-front-61dc85bbc3e55.jpg","MyShirtsDope.com","manual","","true","/product/6588634595392  /product/poetic-justice-onesie  301! | /product/6589967269952  /product/poetic-justice-onesie  301! | /product/poetic-justice-onesie-1  /product/poetic-justice-onesie  301!","poetic-justice-onesie-1","Poetic Justice onesie","gid://shopify/Product/6589967269952","2022-01-19T19:04:20-06:00","active","0","0","0.00","","119988","16","Heather Columbia Blue | Athletic Heather | Pink | White","3-6m | 6-12m | 12-18m | 18-24m","7233888","30","4","https://cdn.shopify.com/s/files/1/0095/8257/5680/products/baby-short-sleeve-one-piece-athletic-heather-front-61e8b51197ec8.jpg | https://cdn.shopify.com/s/files/1/0095/8257/5680/products/baby-short-sleeve-one-piece-heather-columbia-blue-front-61e8b51197feb.jpg | https://cdn.shopify.com/s/files/1/0095/8257/5680/products/baby-short-sleeve-one-piece-pink-front-61e8b511980ae.jpg | https://cdn.shopify.com/s/files/1/0095/8257/5680/products/baby-short-sleeve-one-piece-white-front-61e8b511981d8.jpg","MyShirtsDope.com","manual","","false","/product/poetic-justice-onesie-1  /product/poetic-justice-onesie  301!","","","","","","","","","","","","","","","","","","","","","",""
"poetic justice shirt","MERGE","poetic-justice-shirt","poetic-justice-shirt-1","Same normalized title and vendor and fulfillment service; keep poetic-justice-shirt because it has no lower recorded sales and the older record. Review flagged non-keeper-only variants before any archive.","true","true","true","false","","poetic-justice-shirt:yes | poetic-justice-shirt-1:no","poetic-justice-shirt:/product/6597531861056  /product/poetic-justice-shirt  301! | /product/6601235234880  /product/poetic-justice-shirt  301! | /product/poetic-justice-shirt-1  /product/poetic-justice-shirt  301! || poetic-justice-shirt-1:/product/poetic-justice-shirt-1  /product/poetic-justice-shirt  301!","poetic-justice-shirt","Poetic Justice shirt","gid://shopify/Product/6597531861056","2022-03-13T10:42:57-05:00","active","0","0","0.00","","399960","40","Red | Kelly | White | Yellow | Light Blue | Pink | Athletic Heather | True Royal","S | M | L | XL | 2XL","2615788","36","8","https://cdn.shopify.com/s/files/1/0095/8257/5680/products/unisex-staple-t-shirt-athletic-heather-front-622e10fd5bbc6.jpg | https://cdn.shopify.com/s/files/1/0095/8257/5680/products/unisex-staple-t-shirt-red-front-622e10fd5ca3e.jpg | https://cdn.shopify.com/s/files/1/0095/8257/5680/products/unisex-staple-t-shirt-true-royal-front-622e10fd5cfc3.jpg | https://cdn.shopify.com/s/files/1/0095/8257/5680/products/unisex-staple-t-shirt-kelly-front-622e10fd5d92f.jpg | https://cdn.shopify.com/s/files/1/0095/8257/5680/products/unisex-staple-t-shirt-pink-front-622e10fd5e698.jpg | https://cdn.shopify.com/s/files/1/0095/8257/5680/products/unisex-staple-t-shirt-light-blue-front-622e10fd5f78f.jpg | https://cdn.shopify.com/s/files/1/0095/8257/5680/products/unisex-staple-t-shirt-yellow-front-622e10fd608a2.jpg | https://cdn.shopify.com/s/files/1/0095/8257/5680/products/unisex-staple-t-shirt-white-front-622e10fd61b21.jpg","MyShirtsDope.com","manual","","true","/product/6597531861056  /product/poetic-justice-shirt  301! | /product/6601235234880  /product/poetic-justice-shirt  301! | /product/poetic-justice-shirt-1  /product/poetic-justice-shirt  301!","poetic-justice-shirt-1","Poetic Justice shirt","gid://shopify/Product/6601235234880","2022-04-16T15:15:50-05:00","active","0","0","0.00","","399960","40","Red | Kelly | White | Yellow | Light Blue | Pink | Athletic Heather | True Royal","S | M | L | XL | 2XL","9385399","36","8","https://cdn.shopify.com/s/files/1/0095/8257/5680/products/unisex-staple-t-shirt-athletic-heather-front-625b23f12844e.jpg | https://cdn.shopify.com/s/files/1/0095/8257/5680/products/unisex-staple-t-shirt-red-front-625b23f12a8f3.jpg | https://cdn.shopify.com/s/files/1/0095/8257/5680/products/unisex-staple-t-shirt-true-royal-front-625b23f12b37f.jpg | https://cdn.shopify.com/s/files/1/0095/8257/5680/products/unisex-staple-t-shirt-kelly-front-625b23f12c8d1.jpg | https://cdn.shopify.com/s/files/1/0095/8257/5680/products/unisex-staple-t-shirt-pink-front-625b23f135eb3.jpg | https://cdn.shopify.com/s/files/1/0095/8257/5680/products/unisex-staple-t-shirt-light-blue-front-625b23f1380f4.jpg | https://cdn.shopify.com/s/files/1/0095/8257/5680/products/unisex-staple-t-shirt-yellow-front-625b23f1424c7.jpg | https://cdn.shopify.com/s/files/1/0095/8257/5680/products/unisex-staple-t-shirt-white-front-625b23f14488e.jpg","MyShirtsDope.com","manual","","false","/product/poetic-justice-shirt-1  /product/poetic-justice-shirt  301!","","","","","","","","","","","","","","","","","","","","","",""
"shinin star youth shirt","MERGE","shinin-star-youth-shirt","shinin-star-youth-shirt-1","Same normalized title and vendor and fulfillment service; keep shinin-star-youth-shirt because it has no lower recorded sales and the older record. Review flagged non-keeper-only variants before any archive.","true","true","true","false","","shinin-star-youth-shirt:yes | shinin-star-youth-shirt-1:no","shinin-star-youth-shirt:/product/6600654094400  /product/shinin-star-youth-shirt  301! | /product/6600654127168  /product/shinin-star-youth-shirt  301! | /product/shinin-star-youth-shirt-1  /product/shinin-star-youth-shirt  301! || shinin-star-youth-shirt-1:/product/shinin-star-youth-shirt-1  /product/shinin-star-youth-shirt  301!","shinin-star-youth-shirt","Shinin Star youth shirt","gid://shopify/Product/6600654094400","2022-04-08T13:39:20-05:00","active","0","0","0.00","","199980","20","Red | Athletic Heather | True Royal | White | Kelly","S | M | L | XL","8713954","30","5","https://cdn.shopify.com/s/files/1/0095/8257/5680/products/youth-staple-tee-athletic-heather-front-62508153b5887.jpg | https://cdn.shopify.com/s/files/1/0095/8257/5680/products/youth-staple-tee-red-front-62508153b5b3a.jpg | https://cdn.shopify.com/s/files/1/0095/8257/5680/products/youth-staple-tee-true-royal-front-62508153b5c8e.jpg | https://cdn.shopify.com/s/files/1/0095/8257/5680/products/youth-staple-tee-kelly-front-62508153b5e1d.jpg | https://cdn.shopify.com/s/files/1/0095/8257/5680/products/youth-staple-tee-white-front-62508153b616b.jpg","MyShirtsDope.com","manual","","true","/product/6600654094400  /product/shinin-star-youth-shirt  301! | /product/6600654127168  /product/shinin-star-youth-shirt  301! | /product/shinin-star-youth-shirt-1  /product/shinin-star-youth-shirt  301!","shinin-star-youth-shirt-1","Shinin Star youth shirt","gid://shopify/Product/6600654127168","2022-04-08T13:40:33-05:00","active","0","0","0.00","","199980","20","Red | Athletic Heather | True Royal | White | Kelly","S | M | L | XL","8465851","54","5","https://cdn.shopify.com/s/files/1/0095/8257/5680/products/youth-staple-tee-athletic-heather-front-6250819ec40e2.jpg | https://cdn.shopify.com/s/files/1/0095/8257/5680/products/youth-staple-tee-red-front-6250819ec44d8.jpg | https://cdn.shopify.com/s/files/1/0095/8257/5680/products/youth-staple-tee-true-royal-front-6250819ec4687.jpg | https://cdn.shopify.com/s/files/1/0095/8257/5680/products/youth-staple-tee-kelly-front-6250819ec48a6.jpg | https://cdn.shopify.com/s/files/1/0095/8257/5680/products/youth-staple-tee-white-front-6250819ec4bcf.jpg","MyShirtsDope.com","manual","","false","/product/shinin-star-youth-shirt-1  /product/shinin-star-youth-shirt  301!","","","","","","","","","","","","","","","","","","","","","",""
"soul survivor youth shirt","KEEP BOTH","soul-survivor-youth-shirt","","Same normalized title, but image URLs, variant sets, and SKU families differ; treat as distinct offers until artwork/provider intent is manually confirmed.","false","false","false","false","soul-survivor-youth-shirt-1: Light Pink | S |  | soul-survivor-youth-shirt-1: Sport Grey | S |  | soul-survivor-youth-shirt-1: Light Blue | S |  | soul-survivor-youth-shirt-1: Indigo Blue | S |  | soul-survivor-youth-shirt-1: Irish Green | S |  | soul-survivor-youth-shirt-1: Light Blue | M |  | soul-survivor-youth-shirt-1: Irish Green | M |  | soul-survivor-youth-shirt-1: Light Pink | M |  | soul-survivor-youth-shirt-1: Indigo Blue | M |  | soul-survivor-youth-shirt-1: Sport Grey | M |  | soul-survivor-youth-shirt-1: Light Pink | L |  | soul-survivor-youth-shirt-1: Light Blue | L |  | soul-survivor-youth-shirt-1: Sport Grey | L |  | soul-survivor-youth-shirt-1: Indigo Blue | L |  | soul-survivor-youth-shirt-1: Irish Green | L |  | soul-survivor-youth-shirt-1: Sport Grey | XL |  | soul-survivor-youth-shirt-1: Light Pink | XL |  | soul-survivor-youth-shirt-1: Indigo Blue | XL |  | soul-survivor-youth-shirt-1: Irish Green | XL |  | soul-survivor-youth-shirt-1: Light Blue | XL |  | soul-survivor-youth-shirt-1: Sport Grey | 2XL |  | soul-survivor-youth-shirt-1: Indigo Blue | 2XL |  | soul-survivor-youth-shirt-1: Light Blue | 2XL |  | soul-survivor-youth-shirt-1: Light Pink | 2XL |  | soul-survivor-youth-shirt-1: Red | 2XL |  | soul-survivor-youth-shirt-1: Irish Green | 2XL |  | soul-survivor-youth-shirt-1: White | 2XL | ","soul-survivor-youth-shirt:yes | soul-survivor-youth-shirt-1:no","soul-survivor-youth-shirt:/product/6600003682368  /product/soul-survivor-youth-shirt  301! | /product/6600003584064  /product/soul-survivor-youth-shirt  301! | /product/soul-survivor-youth-shirt-1  /product/soul-survivor-youth-shirt  301! || soul-survivor-youth-shirt-1:/product/soul-survivor-youth-shirt-1  /product/soul-survivor-youth-shirt  301!","soul-survivor-youth-shirt","Soul Survivor youth shirt","gid://shopify/Product/6600003584064","2022-04-03T19:48:41-05:00","active","0","0","0.00","","199980","20","Red | Athletic Heather | True Royal | White | Kelly","S | M | L | XL","8257590","30","5","https://cdn.shopify.com/s/files/1/0095/8257/5680/products/youth-staple-tee-athletic-heather-front-624a40654ca04.jpg | https://cdn.shopify.com/s/files/1/0095/8257/5680/products/youth-staple-tee-red-front-624a40654cc08.jpg | https://cdn.shopify.com/s/files/1/0095/8257/5680/products/youth-staple-tee-true-royal-front-624a40654ccc4.jpg | https://cdn.shopify.com/s/files/1/0095/8257/5680/products/youth-staple-tee-kelly-front-624a40654cda3.jpg | https://cdn.shopify.com/s/files/1/0095/8257/5680/products/youth-staple-tee-white-front-624a40654cef9.jpg","MyShirtsDope.com","manual","","true","/product/6600003682368  /product/soul-survivor-youth-shirt  301! | /product/6600003584064  /product/soul-survivor-youth-shirt  301! | /product/soul-survivor-youth-shirt-1  /product/soul-survivor-youth-shirt  301!","soul-survivor-youth-shirt-1","Soul Survivor youth shirt","gid://shopify/Product/6600003682368","2022-04-03T19:49:58-05:00","active","0","0","0.00","","349965","35","Red | Light Pink | Sport Grey | Light Blue | White | Indigo Blue | Irish Green","S | M | L | XL | 2XL","1835800","60","7","https://cdn.shopify.com/s/files/1/0095/8257/5680/products/unisex-heavy-blend-hoodie-sport-grey-front-624a40b13f7e8.jpg | https://cdn.shopify.com/s/files/1/0095/8257/5680/products/unisex-heavy-blend-hoodie-red-front-624a40b140650.jpg | https://cdn.shopify.com/s/files/1/0095/8257/5680/products/unisex-heavy-blend-hoodie-indigo-blue-front-624a40b140b25.jpg | https://cdn.shopify.com/s/files/1/0095/8257/5680/products/unisex-heavy-blend-hoodie-irish-green-front-624a40b14133f.jpg | https://cdn.shopify.com/s/files/1/0095/8257/5680/products/unisex-heavy-blend-hoodie-light-blue-front-624a40b142089.jpg | https://cdn.shopify.com/s/files/1/0095/8257/5680/products/unisex-heavy-blend-hoodie-light-pink-front-624a40b1433ec.jpg | https://cdn.shopify.com/s/files/1/0095/8257/5680/products/unisex-heavy-blend-hoodie-white-front-624a40b144ac0.jpg","MyShirtsDope.com","manual","","false","/product/soul-survivor-youth-shirt-1  /product/soul-survivor-youth-shirt  301!","","","","","","","","","","","","","","","","","","","","","",""
"stay woke toddler shirt","KEEP BOTH","stay-woke-toddler-shirt","","Same normalized title, but image URLs, variant sets, and SKU families differ; treat as distinct offers until artwork/provider intent is manually confirmed.","false","false","false","false","stay-woke-toddler-shirt-1: Royal Blue | S |  | stay-woke-toddler-shirt-1: Heather Grey | S |  | stay-woke-toddler-shirt-1: Baby Pink | S |  | stay-woke-toddler-shirt-1: Royal Blue | M |  | stay-woke-toddler-shirt-1: Heather Grey | M |  | stay-woke-toddler-shirt-1: Baby Pink | M |  | stay-woke-toddler-shirt-1: Royal Blue | L |  | stay-woke-toddler-shirt-1: Heather Grey | L |  | stay-woke-toddler-shirt-1: Baby Pink | L |  | stay-woke-toddler-shirt-1: Royal Blue | XL |  | stay-woke-toddler-shirt-1: Heather Grey | XL |  | stay-woke-toddler-shirt-1: Baby Pink | XL | ","stay-woke-toddler-shirt:yes | stay-woke-toddler-shirt-1:no","stay-woke-toddler-shirt:/product/6597456265280  /product/stay-woke-toddler-shirt  301! | /product/6597456658496  /product/stay-woke-toddler-shirt  301! | /product/stay-woke-toddler-shirt-1  /product/stay-woke-toddler-shirt  301! || stay-woke-toddler-shirt-1:/product/stay-woke-toddler-shirt-1  /product/stay-woke-toddler-shirt  301!","stay-woke-toddler-shirt","Stay Woke toddler shirt","gid://shopify/Product/6597456265280","2022-03-12T20:54:56-06:00","active","0","0","0.00","","119988","12","Heather Columbia Blue | Pink | White","2T | 3T | 4T | 5T","8379773","30","3","https://cdn.shopify.com/s/files/1/0095/8257/5680/products/toddler-staple-tee-heather-columbia-blue-front-622d5cfe66cea.jpg | https://cdn.shopify.com/s/files/1/0095/8257/5680/products/toddler-staple-tee-pink-front-622d5cfe66e3a.jpg | https://cdn.shopify.com/s/files/1/0095/8257/5680/products/toddler-staple-tee-white-front-622d5cfe66f38.jpg","MyShirtsDope.com","manual","","true","/product/6597456265280  /product/stay-woke-toddler-shirt  301! | /product/6597456658496  /product/stay-woke-toddler-shirt  301! | /product/stay-woke-toddler-shirt-1  /product/stay-woke-toddler-shirt  301!","stay-woke-toddler-shirt-1","Stay Woke toddler shirt","gid://shopify/Product/6597456658496","2022-03-12T20:58:03-06:00","active","0","0","0.00","","0","12","Royal Blue | Heather Grey | Baby Pink","S | M | L | XL","2554505","54","3","https://cdn.shopify.com/s/files/1/0095/8257/5680/products/kids-hoodie-heather-grey-front-622d5db8cc912.jpg | https://cdn.shopify.com/s/files/1/0095/8257/5680/products/kids-hoodie-royal-blue-front-622d5db8cd1d2.jpg | https://cdn.shopify.com/s/files/1/0095/8257/5680/products/kids-hoodie-baby-pink-front-622d5db8cd366.jpg","MyShirtsDope.com","manual","","false","/product/stay-woke-toddler-shirt-1  /product/stay-woke-toddler-shirt  301!","","","","","","","","","","","","","","","","","","","","","",""
"still ghetto toddler shirt","KEEP BOTH","still-ghetto-toddler-shirt","","Same normalized title, but image URLs, variant sets, and SKU families differ; treat as distinct offers until artwork/provider intent is manually confirmed.","false","false","false","false","still-ghetto-toddler-shirt-1: Red | S |  | still-ghetto-toddler-shirt-1: Kelly | S |  | still-ghetto-toddler-shirt-1: White | S |  | still-ghetto-toddler-shirt-1: Yellow | S |  | still-ghetto-toddler-shirt-1: Light Blue | S |  | still-ghetto-toddler-shirt-1: Pink | S |  | still-ghetto-toddler-shirt-1: Athletic Heather | S |  | still-ghetto-toddler-shirt-1: True Royal | S |  | still-ghetto-toddler-shirt-1: Light Blue | M |  | still-ghetto-toddler-shirt-1: Red | M |  | still-ghetto-toddler-shirt-1: Yellow | M |  | still-ghetto-toddler-shirt-1: True Royal | M |  | still-ghetto-toddler-shirt-1: Kelly | M |  | still-ghetto-toddler-shirt-1: White | M |  | still-ghetto-toddler-shirt-1: Pink | M |  | still-ghetto-toddler-shirt-1: Athletic Heather | M |  | still-ghetto-toddler-shirt-1: Yellow | L |  | still-ghetto-toddler-shirt-1: Athletic Heather | L |  | still-ghetto-toddler-shirt-1: True Royal | L |  | still-ghetto-toddler-shirt-1: Red | L |  | still-ghetto-toddler-shirt-1: Light Blue | L |  | still-ghetto-toddler-shirt-1: White | L |  | still-ghetto-toddler-shirt-1: Kelly | L |  | still-ghetto-toddler-shirt-1: Pink | L |  | still-ghetto-toddler-shirt-1: Yellow | XL |  | still-ghetto-toddler-shirt-1: White | XL |  | still-ghetto-toddler-shirt-1: Red | XL |  | still-ghetto-toddler-shirt-1: Athletic Heather | XL |  | still-ghetto-toddler-shirt-1: Light Blue | XL |  | still-ghetto-toddler-shirt-1: True Royal | XL |  | still-ghetto-toddler-shirt-1: Pink | XL |  | still-ghetto-toddler-shirt-1: Kelly | XL |  | still-ghetto-toddler-shirt-1: Light Blue | 2XL |  | still-ghetto-toddler-shirt-1: Red | 2XL |  | still-ghetto-toddler-shirt-1: Athletic Heather | 2XL |  | still-ghetto-toddler-shirt-1: Pink | 2XL |  | still-ghetto-toddler-shirt-1: Yellow | 2XL |  | still-ghetto-toddler-shirt-1: Kelly | 2XL |  | still-ghetto-toddler-shirt-1: True Royal | 2XL |  | still-ghetto-toddler-shirt-1: White | 2XL | ","still-ghetto-toddler-shirt:yes | still-ghetto-toddler-shirt-1:no","still-ghetto-toddler-shirt:/product/6599788101696  /product/still-ghetto-toddler-shirt  301! | /product/6599783743552  /product/still-ghetto-toddler-shirt  301! | /product/still-ghetto-toddler-shirt-1  /product/still-ghetto-toddler-shirt  301! || still-ghetto-toddler-shirt-1:/product/still-ghetto-toddler-shirt-1  /product/still-ghetto-toddler-shirt  301!","still-ghetto-toddler-shirt","Still Ghetto toddler shirt","gid://shopify/Product/6599783743552","2022-03-31T19:16:37-05:00","active","0","0","0.00","","119988","12","Heather Columbia Blue | Pink | White","2T | 3T | 4T | 5T","9668391","30","3","https://cdn.shopify.com/s/files/1/0095/8257/5680/products/toddler-staple-tee-heather-columbia-blue-front-6246446298239.jpg | https://cdn.shopify.com/s/files/1/0095/8257/5680/products/toddler-staple-tee-pink-front-62464462983ea.jpg | https://cdn.shopify.com/s/files/1/0095/8257/5680/products/toddler-staple-tee-white-front-6246446298545.jpg","MyShirtsDope.com","manual","","true","/product/6599788101696  /product/still-ghetto-toddler-shirt  301! | /product/6599783743552  /product/still-ghetto-toddler-shirt  301! | /product/still-ghetto-toddler-shirt-1  /product/still-ghetto-toddler-shirt  301!","still-ghetto-toddler-shirt-1","Still Ghetto toddler shirt","gid://shopify/Product/6599788101696","2022-03-31T19:31:06-05:00","active","0","0","0.00","","399960","40","Red | Kelly | White | Yellow | Light Blue | Pink | Athletic Heather | True Royal","S | M | L | XL | 2XL","5500752","36","8","https://cdn.shopify.com/s/files/1/0095/8257/5680/products/unisex-staple-t-shirt-athletic-heather-front-624647c430344.jpg | https://cdn.shopify.com/s/files/1/0095/8257/5680/products/unisex-staple-t-shirt-red-front-624647c431ad1.jpg | https://cdn.shopify.com/s/files/1/0095/8257/5680/products/unisex-staple-t-shirt-true-royal-front-624647c43243c.jpg | https://cdn.shopify.com/s/files/1/0095/8257/5680/products/unisex-staple-t-shirt-kelly-front-624647c432d1d.jpg | https://cdn.shopify.com/s/files/1/0095/8257/5680/products/unisex-staple-t-shirt-pink-front-624647c4339f9.jpg | https://cdn.shopify.com/s/files/1/0095/8257/5680/products/unisex-staple-t-shirt-light-blue-front-624647c43582a.jpg | https://cdn.shopify.com/s/files/1/0095/8257/5680/products/unisex-staple-t-shirt-yellow-front-624647c43712e.jpg | https://cdn.shopify.com/s/files/1/0095/8257/5680/products/unisex-staple-t-shirt-white-front-624647c43e99a.jpg","MyShirtsDope.com","manual","","false","/product/still-ghetto-toddler-shirt-1  /product/still-ghetto-toddler-shirt  301!","","","","","","","","","","","","","","","","","","","","","",""
"the big payback shirt","MERGE","the-big-payback-shirt","the-big-payback-shirt-1","Same normalized title and vendor and fulfillment service; keep the-big-payback-shirt because it has no lower recorded sales and the older record. Review flagged non-keeper-only variants before any archive.","true","true","true","false","","the-big-payback-shirt:yes | the-big-payback-shirt-1:no","the-big-payback-shirt:/product/6599458783296  /product/the-big-payback-shirt  301! | /product/6599458914368  /product/the-big-payback-shirt  301! | /product/the-big-payback-shirt-1  /product/the-big-payback-shirt  301! || the-big-payback-shirt-1:/product/the-big-payback-shirt-1  /product/the-big-payback-shirt  301!","the-big-payback-shirt","The Big Payback shirt","gid://shopify/Product/6599458783296","2022-03-28T19:46:57-05:00","active","0","0","0.00","","399960","40","Red | Kelly | White | Yellow | Light Blue | Pink | Athletic Heather | True Royal","S | M | L | XL | 2XL","7055486","36","8","https://cdn.shopify.com/s/files/1/0095/8257/5680/products/unisex-staple-t-shirt-athletic-heather-front-624256fde2b71.jpg | https://cdn.shopify.com/s/files/1/0095/8257/5680/products/unisex-staple-t-shirt-red-front-624256fde39a0.jpg | https://cdn.shopify.com/s/files/1/0095/8257/5680/products/unisex-staple-t-shirt-true-royal-front-624256fde3df2.jpg | https://cdn.shopify.com/s/files/1/0095/8257/5680/products/unisex-staple-t-shirt-kelly-front-624256fde4519.jpg | https://cdn.shopify.com/s/files/1/0095/8257/5680/products/unisex-staple-t-shirt-pink-front-624256fde4e7d.jpg | https://cdn.shopify.com/s/files/1/0095/8257/5680/products/unisex-staple-t-shirt-light-blue-front-624256fde5bc0.jpg | https://cdn.shopify.com/s/files/1/0095/8257/5680/products/unisex-staple-t-shirt-yellow-front-624256fde6b9d.jpg | https://cdn.shopify.com/s/files/1/0095/8257/5680/products/unisex-staple-t-shirt-white-front-624256fde7d84.jpg","MyShirtsDope.com","manual","","true","/product/6599458783296  /product/the-big-payback-shirt  301! | /product/6599458914368  /product/the-big-payback-shirt  301! | /product/the-big-payback-shirt-1  /product/the-big-payback-shirt  301!","the-big-payback-shirt-1","The Big Payback shirt","gid://shopify/Product/6599458914368","2022-03-28T19:47:20-05:00","active","0","0","0.00","","399960","40","Red | Kelly | White | Yellow | Light Blue | Pink | Athletic Heather | True Royal","S | M | L | XL | 2XL","9041869","36","8","https://cdn.shopify.com/s/files/1/0095/8257/5680/products/unisex-staple-t-shirt-athletic-heather-front-62425704a0caa.jpg | https://cdn.shopify.com/s/files/1/0095/8257/5680/products/unisex-staple-t-shirt-red-front-62425704a1b95.jpg | https://cdn.shopify.com/s/files/1/0095/8257/5680/products/unisex-staple-t-shirt-true-royal-front-62425704a2148.jpg | https://cdn.shopify.com/s/files/1/0095/8257/5680/products/unisex-staple-t-shirt-kelly-front-62425704a2a6d.jpg | https://cdn.shopify.com/s/files/1/0095/8257/5680/products/unisex-staple-t-shirt-pink-front-62425704a762e.jpg | https://cdn.shopify.com/s/files/1/0095/8257/5680/products/unisex-staple-t-shirt-light-blue-front-62425704a88d0.jpg | https://cdn.shopify.com/s/files/1/0095/8257/5680/products/unisex-staple-t-shirt-yellow-front-62425704aa4b3.jpg | https://cdn.shopify.com/s/files/1/0095/8257/5680/products/unisex-staple-t-shirt-white-front-62425704ac20b.jpg","MyShirtsDope.com","manual","","false","/product/the-big-payback-shirt-1  /product/the-big-payback-shirt  301!","","","","","","","","","","","","","","","","","","","","","",""
"the love movement youth hoodie","KEEP BOTH","the-love-movement-youth-hoodie","","Same normalized title, but image URLs, variant sets, and SKU families differ; treat as distinct offers until artwork/provider intent is manually confirmed.","false","false","true","false","the-love-movement-youth-hoodie-1: Red | S |  | the-love-movement-youth-hoodie-1: Athletic Heather | S |  | the-love-movement-youth-hoodie-1: True Royal | S |  | the-love-movement-youth-hoodie-1: White | S |  | the-love-movement-youth-hoodie-1: Kelly | S |  | the-love-movement-youth-hoodie-1: White | M |  | the-love-movement-youth-hoodie-1: True Royal | M |  | the-love-movement-youth-hoodie-1: Kelly | M |  | the-love-movement-youth-hoodie-1: Red | M |  | the-love-movement-youth-hoodie-1: Athletic Heather | M |  | the-love-movement-youth-hoodie-1: White | L |  | the-love-movement-youth-hoodie-1: Athletic Heather | L |  | the-love-movement-youth-hoodie-1: Kelly | L |  | the-love-movement-youth-hoodie-1: True Royal | L |  | the-love-movement-youth-hoodie-1: Red | L |  | the-love-movement-youth-hoodie-1: Kelly | XL |  | the-love-movement-youth-hoodie-1: True Royal | XL |  | the-love-movement-youth-hoodie-1: Athletic Heather | XL |  | the-love-movement-youth-hoodie-1: Red | XL |  | the-love-movement-youth-hoodie-1: White | XL | ","the-love-movement-youth-hoodie:yes | the-love-movement-youth-hoodie-1:no","the-love-movement-youth-hoodie:/product/6599089487936  /product/the-love-movement-youth-hoodie  301! | /product/6599089291328  /product/the-love-movement-youth-hoodie  301! | /product/the-love-movement-youth-hoodie-1  /product/the-love-movement-youth-hoodie  301! || the-love-movement-youth-hoodie-1:/product/the-love-movement-youth-hoodie-1  /product/the-love-movement-youth-hoodie  301!","the-love-movement-youth-hoodie","The Love Movement youth hoodie","gid://shopify/Product/6599089291328","2022-03-25T12:28:33-05:00","active","0","0","0.00","","0","12","Royal Blue | Heather Grey | Baby Pink","S | M | L | XL","5441346","54","3","https://cdn.shopify.com/s/files/1/0095/8257/5680/products/kids-hoodie-heather-grey-front-623dfbc00fc0d.jpg | https://cdn.shopify.com/s/files/1/0095/8257/5680/products/kids-hoodie-royal-blue-front-623dfbc00fdc2.jpg | https://cdn.shopify.com/s/files/1/0095/8257/5680/products/kids-hoodie-baby-pink-front-623dfbc00feed.jpg","MyShirtsDope.com","manual","","true","/product/6599089487936  /product/the-love-movement-youth-hoodie  301! | /product/6599089291328  /product/the-love-movement-youth-hoodie  301! | /product/the-love-movement-youth-hoodie-1  /product/the-love-movement-youth-hoodie  301!","the-love-movement-youth-hoodie-1","The Love Movement youth hoodie","gid://shopify/Product/6599089487936","2022-03-25T12:29:53-05:00","active","0","0","0.00","","199980","20","Red | Athletic Heather | True Royal | White | Kelly","S | M | L | XL","9864033","30","5","https://cdn.shopify.com/s/files/1/0095/8257/5680/products/youth-staple-tee-athletic-heather-front-623dfc0e70638.jpg | https://cdn.shopify.com/s/files/1/0095/8257/5680/products/youth-staple-tee-red-front-623dfc0e708e8.jpg | https://cdn.shopify.com/s/files/1/0095/8257/5680/products/youth-staple-tee-true-royal-front-623dfc0e709cb.jpg | https://cdn.shopify.com/s/files/1/0095/8257/5680/products/youth-staple-tee-kelly-front-623dfc0e70af9.jpg | https://cdn.shopify.com/s/files/1/0095/8257/5680/products/youth-staple-tee-white-front-623dfc0e70cd9.jpg","MyShirtsDope.com","manual","","false","/product/the-love-movement-youth-hoodie-1  /product/the-love-movement-youth-hoodie  301!","","","","","","","","","","","","","","","","","","","","","",""
"the most beautifulest thing hoodie","KEEP BOTH","the-most-beautifulest-thing-hoodie","","Same normalized title, but image URLs, variant sets, and SKU families differ; treat as distinct offers until artwork/provider intent is manually confirmed.","false","false","false","false","the-most-beautifulest-thing-hoodie-1: Royal Blue | S |  | the-most-beautifulest-thing-hoodie-1: Heather Grey | S |  | the-most-beautifulest-thing-hoodie-1: Baby Pink | S |  | the-most-beautifulest-thing-hoodie-1: Royal Blue | M |  | the-most-beautifulest-thing-hoodie-1: Heather Grey | M |  | the-most-beautifulest-thing-hoodie-1: Baby Pink | M |  | the-most-beautifulest-thing-hoodie-1: Royal Blue | L |  | the-most-beautifulest-thing-hoodie-1: Heather Grey | L |  | the-most-beautifulest-thing-hoodie-1: Baby Pink | L |  | the-most-beautifulest-thing-hoodie-1: Royal Blue | XL |  | the-most-beautifulest-thing-hoodie-1: Heather Grey | XL |  | the-most-beautifulest-thing-hoodie-1: Baby Pink | XL | ","the-most-beautifulest-thing-hoodie:yes | the-most-beautifulest-thing-hoodie-1:no","the-most-beautifulest-thing-hoodie:/product/6599004028992  /product/the-most-beautifulest-thing-hoodie  301! | /product/6599005601856  /product/the-most-beautifulest-thing-hoodie  301! | /product/the-most-beautifulest-thing-hoodie-1  /product/the-most-beautifulest-thing-hoodie  301! || the-most-beautifulest-thing-hoodie-1:/product/the-most-beautifulest-thing-hoodie-1  /product/the-most-beautifulest-thing-hoodie  301!","the-most-beautifulest-thing-hoodie","The Most Beautifulest Thing hoodie","gid://shopify/Product/6599004028992","2022-03-24T14:47:15-05:00","active","0","0","0.00","","349965","35","Red | Light Pink | Sport Grey | Light Blue | White | Indigo Blue | Irish Green","S | M | L | XL | 2XL","2419773","60","7","https://cdn.shopify.com/s/files/1/0095/8257/5680/products/unisex-heavy-blend-hoodie-sport-grey-front-623ccac06e2a8.jpg | https://cdn.shopify.com/s/files/1/0095/8257/5680/products/unisex-heavy-blend-hoodie-red-front-623ccac06f692.jpg | https://cdn.shopify.com/s/files/1/0095/8257/5680/products/unisex-heavy-blend-hoodie-indigo-blue-front-623ccac06fa42.jpg | https://cdn.shopify.com/s/files/1/0095/8257/5680/products/unisex-heavy-blend-hoodie-irish-green-front-623ccac070213.jpg | https://cdn.shopify.com/s/files/1/0095/8257/5680/products/unisex-heavy-blend-hoodie-light-blue-front-623ccac071046.jpg | https://cdn.shopify.com/s/files/1/0095/8257/5680/products/unisex-heavy-blend-hoodie-light-pink-front-623ccac073066.jpg | https://cdn.shopify.com/s/files/1/0095/8257/5680/products/unisex-heavy-blend-hoodie-white-front-623ccac075eb8.jpg","MyShirtsDope.com","manual","","true","/product/6599004028992  /product/the-most-beautifulest-thing-hoodie  301! | /product/6599005601856  /product/the-most-beautifulest-thing-hoodie  301! | /product/the-most-beautifulest-thing-hoodie-1  /product/the-most-beautifulest-thing-hoodie  301!","the-most-beautifulest-thing-hoodie-1","The Most Beautifulest Thing hoodie","gid://shopify/Product/6599005601856","2022-03-24T14:59:04-05:00","active","0","0","0.00","","0","12","Royal Blue | Heather Grey | Baby Pink","S | M | L | XL","3110546","54","3","https://cdn.shopify.com/s/files/1/0095/8257/5680/products/kids-hoodie-heather-grey-front-623ccd85dd2af.jpg | https://cdn.shopify.com/s/files/1/0095/8257/5680/products/kids-hoodie-royal-blue-front-623ccd85dd808.jpg | https://cdn.shopify.com/s/files/1/0095/8257/5680/products/kids-hoodie-baby-pink-front-623ccd85dd960.jpg","MyShirtsDope.com","manual","","false","/product/the-most-beautifulest-thing-hoodie-1  /product/the-most-beautifulest-thing-hoodie  301!","","","","","","","","","","","","","","","","","","","","","",""
"the most beautifullest 94 hoodie","KEEP BOTH","the-most-beautifullest-94-hoodie","","Same normalized title, but image URLs, variant sets, and SKU families differ; treat as distinct offers until artwork/provider intent is manually confirmed.","false","false","true","false","the-most-beautifullest-94-hoodie-1: Kelly | S |  | the-most-beautifullest-94-hoodie-1: Yellow | S |  | the-most-beautifullest-94-hoodie-1: Pink | S |  | the-most-beautifullest-94-hoodie-1: Athletic Heather | S |  | the-most-beautifullest-94-hoodie-1: True Royal | S |  | the-most-beautifullest-94-hoodie-1: Yellow | M |  | the-most-beautifullest-94-hoodie-1: True Royal | M |  | the-most-beautifullest-94-hoodie-1: Kelly | M |  | the-most-beautifullest-94-hoodie-1: Pink | M |  | the-most-beautifullest-94-hoodie-1: Athletic Heather | M |  | the-most-beautifullest-94-hoodie-1: Yellow | L |  | the-most-beautifullest-94-hoodie-1: Athletic Heather | L |  | the-most-beautifullest-94-hoodie-1: True Royal | L |  | the-most-beautifullest-94-hoodie-1: Kelly | L |  | the-most-beautifullest-94-hoodie-1: Pink | L |  | the-most-beautifullest-94-hoodie-1: Yellow | XL |  | the-most-beautifullest-94-hoodie-1: Athletic Heather | XL |  | the-most-beautifullest-94-hoodie-1: True Royal | XL |  | the-most-beautifullest-94-hoodie-1: Pink | XL |  | the-most-beautifullest-94-hoodie-1: Kelly | XL |  | the-most-beautifullest-94-hoodie-1: Athletic Heather | 2XL |  | the-most-beautifullest-94-hoodie-1: Pink | 2XL |  | the-most-beautifullest-94-hoodie-1: Yellow | 2XL |  | the-most-beautifullest-94-hoodie-1: Kelly | 2XL |  | the-most-beautifullest-94-hoodie-1: True Royal | 2XL | ","the-most-beautifullest-94-hoodie:yes | the-most-beautifullest-94-hoodie-1:no","the-most-beautifullest-94-hoodie:/product/6597430378560  /product/the-most-beautifullest-94-hoodie  301! | /product/6597429854272  /product/the-most-beautifullest-94-hoodie  301! | /product/the-most-beautifullest-94-hoodie-1  /product/the-most-beautifullest-94-hoodie  301! || the-most-beautifullest-94-hoodie-1:/product/the-most-beautifullest-94-hoodie-1  /product/the-most-beautifullest-94-hoodie  301!","the-most-beautifullest-94-hoodie","The Most Beautifullest 94 Hoodie","gid://shopify/Product/6597429854272","2022-03-12T14:11:50-06:00","active","0","0","0.00","","349965","35","Red | Light Pink | Sport Grey | Light Blue | White | Indigo Blue | Irish Green","S | M | L | XL | 2XL","9330734","60","7","https://cdn.shopify.com/s/files/1/0095/8257/5680/products/unisex-heavy-blend-hoodie-sport-grey-front-622cfe82ec0f7.jpg | https://cdn.shopify.com/s/files/1/0095/8257/5680/products/unisex-heavy-blend-hoodie-red-front-622cfe82eca6f.jpg | https://cdn.shopify.com/s/files/1/0095/8257/5680/products/unisex-heavy-blend-hoodie-indigo-blue-front-622cfe82ecd6e.jpg | https://cdn.shopify.com/s/files/1/0095/8257/5680/products/unisex-heavy-blend-hoodie-irish-green-front-622cfe82ed220.jpg | https://cdn.shopify.com/s/files/1/0095/8257/5680/products/unisex-heavy-blend-hoodie-light-blue-front-622cfe82eda2a.jpg | https://cdn.shopify.com/s/files/1/0095/8257/5680/products/unisex-heavy-blend-hoodie-light-pink-front-622cfe82ee71b.jpg | https://cdn.shopify.com/s/files/1/0095/8257/5680/products/unisex-heavy-blend-hoodie-white-front-622cfe82efa57.jpg","MyShirtsDope.com","manual","","true","/product/6597430378560  /product/the-most-beautifullest-94-hoodie  301! | /product/6597429854272  /product/the-most-beautifullest-94-hoodie  301! | /product/the-most-beautifullest-94-hoodie-1  /product/the-most-beautifullest-94-hoodie  301!","the-most-beautifullest-94-hoodie-1","The Most Beautifullest 94 Hoodie","gid://shopify/Product/6597430378560","2022-03-12T14:16:43-06:00","active","0","0","0.00","","399960","40","Red | Kelly | White | Yellow | Light Blue | Pink | Athletic Heather | True Royal","S | M | L | XL | 2XL","6358457","36","8","https://cdn.shopify.com/s/files/1/0095/8257/5680/products/unisex-staple-t-shirt-athletic-heather-front-622cffa4b2908.jpg | https://cdn.shopify.com/s/files/1/0095/8257/5680/products/unisex-staple-t-shirt-red-front-622cffa4b3d6c.jpg | https://cdn.shopify.com/s/files/1/0095/8257/5680/products/unisex-staple-t-shirt-true-royal-front-622cffa4b4327.jpg | https://cdn.shopify.com/s/files/1/0095/8257/5680/products/unisex-staple-t-shirt-kelly-front-622cffa4b4c18.jpg | https://cdn.shopify.com/s/files/1/0095/8257/5680/products/unisex-staple-t-shirt-pink-front-622cffa4b5b0f.jpg | https://cdn.shopify.com/s/files/1/0095/8257/5680/products/unisex-staple-t-shirt-light-blue-front-622cffa4b704f.jpg | https://cdn.shopify.com/s/files/1/0095/8257/5680/products/unisex-staple-t-shirt-yellow-front-622cffa4b88e3.jpg | https://cdn.shopify.com/s/files/1/0095/8257/5680/products/unisex-staple-t-shirt-white-front-622cffa4ba871.jpg","MyShirtsDope.com","manual","","false","/product/the-most-beautifullest-94-hoodie-1  /product/the-most-beautifullest-94-hoodie  301!","","","","","","","","","","","","","","","","","","","","","",""
"the next movement youth shirt","KEEP BOTH","the-next-movement-youth-shirt","","Same normalized title, but image URLs, variant sets, and SKU families differ; treat as distinct offers until artwork/provider intent is manually confirmed.","false","false","false","false","the-next-movement-youth-shirt-1: Kelly | S |  | the-next-movement-youth-shirt-1: Athletic Heather | S |  | the-next-movement-youth-shirt-1: Heather Columbia Blue | S |  | the-next-movement-youth-shirt-1: True Royal | S |  | the-next-movement-youth-shirt-1: True Royal | M |  | the-next-movement-youth-shirt-1: Athletic Heather | M |  | the-next-movement-youth-shirt-1: Kelly | M |  | the-next-movement-youth-shirt-1: Heather Columbia Blue | M |  | the-next-movement-youth-shirt-1: Athletic Heather | L |  | the-next-movement-youth-shirt-1: Heather Columbia Blue | L |  | the-next-movement-youth-shirt-1: True Royal | L |  | the-next-movement-youth-shirt-1: Kelly | L |  | the-next-movement-youth-shirt-1: Heather Columbia Blue | XL |  | the-next-movement-youth-shirt-1: Athletic Heather | XL |  | the-next-movement-youth-shirt-1: Kelly | XL |  | the-next-movement-youth-shirt-1: True Royal | XL | ","the-next-movement-youth-shirt:yes | the-next-movement-youth-shirt-1:no","the-next-movement-youth-shirt:/product/6598992494656  /product/the-next-movement-youth-shirt  301! | /product/6598992592960  /product/the-next-movement-youth-shirt  301! | /product/the-next-movement-youth-shirt-1  /product/the-next-movement-youth-shirt  301! || the-next-movement-youth-shirt-1:/product/the-next-movement-youth-shirt-1  /product/the-next-movement-youth-shirt  301!","the-next-movement-youth-shirt","The Next Movement youth shirt","gid://shopify/Product/6598992494656","2022-03-24T12:13:04-05:00","active","0","0","0.00","","349965","35","Red | Light Pink | Sport Grey | Light Blue | White | Indigo Blue | Irish Green","S | M | L | XL | 2XL","4166112","60","7","https://cdn.shopify.com/s/files/1/0095/8257/5680/products/unisex-heavy-blend-hoodie-sport-grey-front-623ca69a94fd9.jpg | https://cdn.shopify.com/s/files/1/0095/8257/5680/products/unisex-heavy-blend-hoodie-red-front-623ca69a95e6e.jpg | https://cdn.shopify.com/s/files/1/0095/8257/5680/products/unisex-heavy-blend-hoodie-indigo-blue-front-623ca69a9635d.jpg | https://cdn.shopify.com/s/files/1/0095/8257/5680/products/unisex-heavy-blend-hoodie-irish-green-front-623ca69a96b7e.jpg | https://cdn.shopify.com/s/files/1/0095/8257/5680/products/unisex-heavy-blend-hoodie-light-blue-front-623ca69a977d3.jpg | https://cdn.shopify.com/s/files/1/0095/8257/5680/products/unisex-heavy-blend-hoodie-light-pink-front-623ca69a98653.jpg | https://cdn.shopify.com/s/files/1/0095/8257/5680/products/unisex-heavy-blend-hoodie-white-front-623ca69a9a34b.jpg","MyShirtsDope.com","manual","","true","/product/6598992494656  /product/the-next-movement-youth-shirt  301! | /product/6598992592960  /product/the-next-movement-youth-shirt  301! | /product/the-next-movement-youth-shirt-1  /product/the-next-movement-youth-shirt  301!","the-next-movement-youth-shirt-1","The Next Movement youth shirt","gid://shopify/Product/6598992592960","2022-03-24T12:14:27-05:00","active","0","0","0.00","","239976","24","Red | Kelly | White | Athletic Heather | Heather Columbia Blue | True Royal","S | M | L | XL","4432385","30","6","https://cdn.shopify.com/s/files/1/0095/8257/5680/products/youth-staple-tee-athletic-heather-front-623ca6e97bce2.jpg | https://cdn.shopify.com/s/files/1/0095/8257/5680/products/youth-staple-tee-red-front-623ca6e97ca71.jpg | https://cdn.shopify.com/s/files/1/0095/8257/5680/products/youth-staple-tee-true-royal-front-623ca6e97cbc7.jpg | https://cdn.shopify.com/s/files/1/0095/8257/5680/products/youth-staple-tee-kelly-front-623ca6e97cddb.jpg | https://cdn.shopify.com/s/files/1/0095/8257/5680/products/youth-staple-tee-heather-columbia-blue-front-623ca6e97d0b7.jpg | https://cdn.shopify.com/s/files/1/0095/8257/5680/products/youth-staple-tee-white-front-623ca6e97d4b3.jpg","MyShirtsDope.com","manual","","false","/product/the-next-movement-youth-shirt-1  /product/the-next-movement-youth-shirt  301!","","","","","","","","","","","","","","","","","","","","","",""
"the world is yours nas shirt","KEEP BOTH","the-world-is-yours-nas-shirt","","Same normalized title, but image URLs, variant sets, and SKU families differ; treat as distinct offers until artwork/provider intent is manually confirmed.","false","false","false","false","","the-world-is-yours-nas-shirt:yes | the-world-is-yours-nas-shirt-1:no","the-world-is-yours-nas-shirt:/product/6597428772928  /product/the-world-is-yours-nas-shirt  301! | /product/6597428904000  /product/the-world-is-yours-nas-shirt  301! | /product/the-world-is-yours-nas-shirt-1  /product/the-world-is-yours-nas-shirt  301! || the-world-is-yours-nas-shirt-1:/product/the-world-is-yours-nas-shirt-1  /product/the-world-is-yours-nas-shirt  301!","the-world-is-yours-nas-shirt","The World is Yours Nas shirt","gid://shopify/Product/6597428772928","2022-03-12T13:52:09-06:00","active","0","0","0.00","","349965","35","Red | Light Blue | Pink | Athletic Heather | White | True Royal | Kelly","S | M | L | XL | 2XL","2954879","36","7","https://cdn.shopify.com/s/files/1/0095/8257/5680/products/unisex-staple-t-shirt-athletic-heather-front-622cf9e385018.jpg | https://cdn.shopify.com/s/files/1/0095/8257/5680/products/unisex-staple-t-shirt-red-front-622cf9e38694e.jpg | https://cdn.shopify.com/s/files/1/0095/8257/5680/products/unisex-staple-t-shirt-true-royal-front-622cf9e386dca.jpg | https://cdn.shopify.com/s/files/1/0095/8257/5680/products/unisex-staple-t-shirt-kelly-front-622cf9e387433.jpg | https://cdn.shopify.com/s/files/1/0095/8257/5680/products/unisex-staple-t-shirt-pink-front-622cf9e3881dd.jpg | https://cdn.shopify.com/s/files/1/0095/8257/5680/products/unisex-staple-t-shirt-light-blue-front-622cf9e389515.jpg | https://cdn.shopify.com/s/files/1/0095/8257/5680/products/unisex-staple-t-shirt-white-front-622cf9e38a654.jpg","MyShirtsDope.com","manual","","true","/product/6597428772928  /product/the-world-is-yours-nas-shirt  301! | /product/6597428904000  /product/the-world-is-yours-nas-shirt  301! | /product/the-world-is-yours-nas-shirt-1  /product/the-world-is-yours-nas-shirt  301!","the-world-is-yours-nas-shirt-1","The World is Yours Nas shirt","gid://shopify/Product/6597428904000","2022-03-12T13:56:46-06:00","active","0","0","0.00","","199980","20","Red | Athletic Heather | True Royal | White | Kelly","S | M | L | XL","4035646","30","5","https://cdn.shopify.com/s/files/1/0095/8257/5680/products/youth-staple-tee-athletic-heather-front-622cfafca631e.jpg | https://cdn.shopify.com/s/files/1/0095/8257/5680/products/youth-staple-tee-red-front-622cfafca65de.jpg | https://cdn.shopify.com/s/files/1/0095/8257/5680/products/youth-staple-tee-true-royal-front-622cfafca66d0.jpg | https://cdn.shopify.com/s/files/1/0095/8257/5680/products/youth-staple-tee-kelly-front-622cfafca6802.jpg | https://cdn.shopify.com/s/files/1/0095/8257/5680/products/youth-staple-tee-white-front-622cfafca69c9.jpg","MyShirtsDope.com","manual","","false","/product/the-world-is-yours-nas-shirt-1  /product/the-world-is-yours-nas-shirt  301!","","","","","","","","","","","","","","","","","","","","","",""
"thug life 2pac toddler shirt","KEEP BOTH","thug-life-2pac-toddler-shirt","","Same normalized title, but image URLs, variant sets, and SKU families differ; treat as distinct offers until artwork/provider intent is manually confirmed.","false","false","false","false","thug-life-2pac-toddler-shirt-1: Black | S |  | thug-life-2pac-toddler-shirt-1: Black | M |  | thug-life-2pac-toddler-shirt-1: Black | L |  | thug-life-2pac-toddler-shirt-1: Black | XL |  | thug-life-2pac-toddler-shirt-1: Navy | S |  | thug-life-2pac-toddler-shirt-1: Navy | M |  | thug-life-2pac-toddler-shirt-1: Navy | L |  | thug-life-2pac-toddler-shirt-1: Navy | XL |  | thug-life-2pac-toddler-shirt-1: Red | S |  | thug-life-2pac-toddler-shirt-1: Red | M |  | thug-life-2pac-toddler-shirt-1: Red | L |  | thug-life-2pac-toddler-shirt-1: Red | XL |  | thug-life-2pac-toddler-shirt-1: True Royal | S |  | thug-life-2pac-toddler-shirt-1: True Royal | M |  | thug-life-2pac-toddler-shirt-1: True Royal | L |  | thug-life-2pac-toddler-shirt-1: True Royal | XL |  | thug-life-2pac-toddler-shirt-1: Kelly | S |  | thug-life-2pac-toddler-shirt-1: Kelly | M |  | thug-life-2pac-toddler-shirt-1: Kelly | L |  | thug-life-2pac-toddler-shirt-1: Kelly | XL |  | thug-life-2pac-toddler-shirt-1: Athletic Heather | S |  | thug-life-2pac-toddler-shirt-1: Athletic Heather | M |  | thug-life-2pac-toddler-shirt-1: Athletic Heather | L |  | thug-life-2pac-toddler-shirt-1: Athletic Heather | XL | ","thug-life-2pac-toddler-shirt:yes | thug-life-2pac-toddler-shirt-1:no","thug-life-2pac-toddler-shirt:/product/6697029238848  /product/thug-life-2pac-toddler-shirt  301! | /product/6697027174464  /product/thug-life-2pac-toddler-shirt  301! | /product/thug-life-2pac-toddler-shirt-1  /product/thug-life-2pac-toddler-shirt  301! || thug-life-2pac-toddler-shirt-1:/product/thug-life-2pac-toddler-shirt-1  /product/thug-life-2pac-toddler-shirt  301!","thug-life-2pac-toddler-shirt","Thug Life 2pac toddler shirt","gid://shopify/Product/6697027174464","2023-01-05T15:22:06-06:00","active","0","0","0.00","","119988","12","Black | Heather Columbia Blue | Pink","2T | 3T | 4T | 5T","6306127","30","3","https://cdn.shopify.com/s/files/1/0095/8257/5680/products/toddler-staple-tee-black-front-63b73f6fdf475.jpg | https://cdn.shopify.com/s/files/1/0095/8257/5680/products/toddler-staple-tee-heather-columbia-blue-front-63b73f6fe480d.jpg | https://cdn.shopify.com/s/files/1/0095/8257/5680/products/toddler-staple-tee-pink-front-63b73f6fe4a5d.jpg","MyShirtsDope.com","manual","","true","/product/6697029238848  /product/thug-life-2pac-toddler-shirt  301! | /product/6697027174464  /product/thug-life-2pac-toddler-shirt  301! | /product/thug-life-2pac-toddler-shirt-1  /product/thug-life-2pac-toddler-shirt  301!","thug-life-2pac-toddler-shirt-1","Thug Life 2pac toddler shirt","gid://shopify/Product/6697029238848","2023-01-05T15:32:23-06:00","active","0","0","0.00","","239976","24","Black | Navy | Red | True Royal | Kelly | Athletic Heather","S | M | L | XL","2318419","30","6","https://cdn.shopify.com/s/files/1/0095/8257/5680/products/youth-staple-tee-black-front-63b741e365544.jpg | https://cdn.shopify.com/s/files/1/0095/8257/5680/products/youth-staple-tee-navy-front-63b741e3692d6.jpg | https://cdn.shopify.com/s/files/1/0095/8257/5680/products/youth-staple-tee-red-front-63b741e36952b.jpg | https://cdn.shopify.com/s/files/1/0095/8257/5680/products/youth-staple-tee-true-royal-front-63b741e369806.jpg | https://cdn.shopify.com/s/files/1/0095/8257/5680/products/youth-staple-tee-kelly-front-63b741e369ba0.jpg | https://cdn.shopify.com/s/files/1/0095/8257/5680/products/youth-staple-tee-athletic-heather-front-63b741e36a0c6.jpg","MyShirtsDope.com","manual","","false","/product/thug-life-2pac-toddler-shirt-1  /product/thug-life-2pac-toddler-shirt  301!","","","","","","","","","","","","","","","","","","","","","",""
"toddler short sleeve tee","MERGE","toddler-short-sleeve-tee","toddler-short-sleeve-tee-1 | toddler-short-sleeve-tee-3","Same normalized title and vendor and fulfillment service; keep toddler-short-sleeve-tee because it has no lower recorded sales and the older record. Review flagged non-keeper-only variants before any archive.","true","true","true","false","","toddler-short-sleeve-tee:yes | toddler-short-sleeve-tee-1:no | toddler-short-sleeve-tee-3:no","toddler-short-sleeve-tee:/product/6601496854592  /product/toddler-short-sleeve-tee-2  301! | /product/6599121436736  /product/toddler-short-sleeve-tee  301! | /product/6599552434240  /product/toddler-short-sleeve-tee  301! | /product/toddler-short-sleeve-tee-1  /product/toddler-short-sleeve-tee  301! | /product/6601500426304  /product/toddler-short-sleeve-tee  301! | /product/toddler-short-sleeve-tee-3  /product/toddler-short-sleeve-tee  301! || toddler-short-sleeve-tee-1:/product/toddler-short-sleeve-tee-1  /product/toddler-short-sleeve-tee  301! || toddler-short-sleeve-tee-3:/product/toddler-short-sleeve-tee-3  /product/toddler-short-sleeve-tee  301!","toddler-short-sleeve-tee","Toddler Short Sleeve Tee","gid://shopify/Product/6599121436736","2022-03-25T18:11:37-05:00","active","0","0","0.00","","119988","12","Heather Columbia Blue | Pink | White","2T | 3T | 4T | 5T","3972668","30","3","https://cdn.shopify.com/s/files/1/0095/8257/5680/products/toddler-staple-tee-heather-columbia-blue-front-623e4c2677dc2.jpg | https://cdn.shopify.com/s/files/1/0095/8257/5680/products/toddler-staple-tee-pink-front-623e4c2677e9a.jpg | https://cdn.shopify.com/s/files/1/0095/8257/5680/products/toddler-staple-tee-white-front-623e4c2677f46.jpg","MyShirtsDope.com","manual","","true","/product/6601496854592  /product/toddler-short-sleeve-tee-2  301! | /product/6599121436736  /product/toddler-short-sleeve-tee  301! | /product/6599552434240  /product/toddler-short-sleeve-tee  301! | /product/toddler-short-sleeve-tee-1  /product/toddler-short-sleeve-tee  301! | /product/6601500426304  /product/toddler-short-sleeve-tee  301! | /product/toddler-short-sleeve-tee-3  /product/toddler-short-sleeve-tee  301!","toddler-short-sleeve-tee-1","Toddler Short Sleeve Tee","gid://shopify/Product/6599552434240","2022-03-29T19:12:12-05:00","active","0","0","0.00","","119988","12","Heather Columbia Blue | Pink | White","2T | 3T | 4T | 5T","4045342","30","3","https://cdn.shopify.com/s/files/1/0095/8257/5680/products/toddler-staple-tee-heather-columbia-blue-front-6243a058b6a8e.jpg | https://cdn.shopify.com/s/files/1/0095/8257/5680/products/toddler-staple-tee-pink-front-6243a058b6bc2.jpg | https://cdn.shopify.com/s/files/1/0095/8257/5680/products/toddler-staple-tee-white-front-6243a058b6c9a.jpg","MyShirtsDope.com","manual","","false","/product/toddler-short-sleeve-tee-1  /product/toddler-short-sleeve-tee  301!","toddler-short-sleeve-tee-3","Toddler Short Sleeve Tee","gid://shopify/Product/6601500426304","2022-04-20T20:54:32-05:00","active","0","0","0.00","","119988","12","Heather Columbia Blue | Pink | White","2T | 3T | 4T | 5T","6306741","30","3","https://cdn.shopify.com/s/files/1/0095/8257/5680/products/toddler-staple-tee-heather-columbia-blue-front-6260b95496bf0.jpg | https://cdn.shopify.com/s/files/1/0095/8257/5680/products/toddler-staple-tee-pink-front-6260b95496da0.jpg | https://cdn.shopify.com/s/files/1/0095/8257/5680/products/toddler-staple-tee-white-front-6260b95496f5f.jpg","MyShirtsDope.com","manual","","false","/product/toddler-short-sleeve-tee-3  /product/toddler-short-sleeve-tee  301!"
"u bout it bout it fool hoodie","KEEP BOTH","u-bout-it-bout-it-fool-hoodie","","Same normalized title, but image URLs, variant sets, and SKU families differ; treat as distinct offers until artwork/provider intent is manually confirmed.","false","false","false","false","u-bout-it-bout-it-fool-hoodie-1: Athletic Heather | S |  | u-bout-it-bout-it-fool-hoodie-1: True Royal | S |  | u-bout-it-bout-it-fool-hoodie-1: Kelly | S |  | u-bout-it-bout-it-fool-hoodie-1: True Royal | M |  | u-bout-it-bout-it-fool-hoodie-1: Kelly | M |  | u-bout-it-bout-it-fool-hoodie-1: Athletic Heather | M |  | u-bout-it-bout-it-fool-hoodie-1: Athletic Heather | L |  | u-bout-it-bout-it-fool-hoodie-1: Kelly | L |  | u-bout-it-bout-it-fool-hoodie-1: True Royal | L |  | u-bout-it-bout-it-fool-hoodie-1: Kelly | XL |  | u-bout-it-bout-it-fool-hoodie-1: True Royal | XL |  | u-bout-it-bout-it-fool-hoodie-1: Athletic Heather | XL | ","u-bout-it-bout-it-fool-hoodie:yes | u-bout-it-bout-it-fool-hoodie-1:no","u-bout-it-bout-it-fool-hoodie:/product/6598689292352  /product/u-bout-it-bout-it-fool-hoodie  301! | /product/6598689357888  /product/u-bout-it-bout-it-fool-hoodie  301! | /product/u-bout-it-bout-it-fool-hoodie-1  /product/u-bout-it-bout-it-fool-hoodie  301! || u-bout-it-bout-it-fool-hoodie-1:/product/u-bout-it-bout-it-fool-hoodie-1  /product/u-bout-it-bout-it-fool-hoodie  301!","u-bout-it-bout-it-fool-hoodie","U Bout it Bout it Fool hoodie","gid://shopify/Product/6598689292352","2022-03-21T10:25:35-05:00","active","0","0","0.00","","349965","35","Red | Light Pink | Sport Grey | Light Blue | White | Indigo Blue | Irish Green","S | M | L | XL | 2XL","4541195","60","7","https://cdn.shopify.com/s/files/1/0095/8257/5680/products/unisex-heavy-blend-hoodie-sport-grey-front-623898ec583fa.jpg | https://cdn.shopify.com/s/files/1/0095/8257/5680/products/unisex-heavy-blend-hoodie-red-front-623898ec58ff6.jpg | https://cdn.shopify.com/s/files/1/0095/8257/5680/products/unisex-heavy-blend-hoodie-indigo-blue-front-623898ec59437.jpg | https://cdn.shopify.com/s/files/1/0095/8257/5680/products/unisex-heavy-blend-hoodie-irish-green-front-623898ec59c44.jpg | https://cdn.shopify.com/s/files/1/0095/8257/5680/products/unisex-heavy-blend-hoodie-light-blue-front-623898ec5a99f.jpg | https://cdn.shopify.com/s/files/1/0095/8257/5680/products/unisex-heavy-blend-hoodie-light-pink-front-623898ec5f3f1.jpg | https://cdn.shopify.com/s/files/1/0095/8257/5680/products/unisex-heavy-blend-hoodie-white-front-623898ec60b91.jpg","MyShirtsDope.com","manual","","true","/product/6598689292352  /product/u-bout-it-bout-it-fool-hoodie  301! | /product/6598689357888  /product/u-bout-it-bout-it-fool-hoodie  301! | /product/u-bout-it-bout-it-fool-hoodie-1  /product/u-bout-it-bout-it-fool-hoodie  301!","u-bout-it-bout-it-fool-hoodie-1","U Bout it Bout it Fool hoodie","gid://shopify/Product/6598689357888","2022-03-21T10:27:31-05:00","active","0","0","0.00","","199980","20","Red | Athletic Heather | True Royal | White | Kelly","S | M | L | XL","3405623","30","5","https://cdn.shopify.com/s/files/1/0095/8257/5680/products/youth-staple-tee-athletic-heather-front-62389960252de.jpg | https://cdn.shopify.com/s/files/1/0095/8257/5680/products/youth-staple-tee-red-front-6238996025589.jpg | https://cdn.shopify.com/s/files/1/0095/8257/5680/products/youth-staple-tee-true-royal-front-6238996025699.jpg | https://cdn.shopify.com/s/files/1/0095/8257/5680/products/youth-staple-tee-kelly-front-6238996025808.jpg | https://cdn.shopify.com/s/files/1/0095/8257/5680/products/youth-staple-tee-white-front-62389960259ed.jpg","MyShirtsDope.com","manual","","false","/product/u-bout-it-bout-it-fool-hoodie-1  /product/u-bout-it-bout-it-fool-hoodie  301!","","","","","","","","","","","","","","","","","","","","","",""
"underground kingz youth shirt","KEEP BOTH","underground-kingz-youth-shirt","","Same normalized title, but image URLs, variant sets, and SKU families differ; treat as distinct offers until artwork/provider intent is manually confirmed.","false","false","true","false","underground-kingz-youth-shirt-1: Royal Blue | S |  | underground-kingz-youth-shirt-1: Heather Grey | S |  | underground-kingz-youth-shirt-1: Baby Pink | S |  | underground-kingz-youth-shirt-1: Royal Blue | M |  | underground-kingz-youth-shirt-1: Heather Grey | M |  | underground-kingz-youth-shirt-1: Baby Pink | M |  | underground-kingz-youth-shirt-1: Royal Blue | L |  | underground-kingz-youth-shirt-1: Heather Grey | L |  | underground-kingz-youth-shirt-1: Baby Pink | L |  | underground-kingz-youth-shirt-1: Royal Blue | XL |  | underground-kingz-youth-shirt-1: Heather Grey | XL |  | underground-kingz-youth-shirt-1: Baby Pink | XL | ","underground-kingz-youth-shirt:yes | underground-kingz-youth-shirt-1:no","underground-kingz-youth-shirt:/product/6598576144448  /product/underground-kingz-youth-shirt  301! | /product/6598576242752  /product/underground-kingz-youth-shirt  301! | /product/underground-kingz-youth-shirt-1  /product/underground-kingz-youth-shirt  301! || underground-kingz-youth-shirt-1:/product/underground-kingz-youth-shirt-1  /product/underground-kingz-youth-shirt  301!","underground-kingz-youth-shirt","Underground Kingz youth shirt","gid://shopify/Product/6598576144448","2022-03-19T15:06:08-05:00","active","0","0","0.00","","199980","20","Red | Athletic Heather | True Royal | White | Kelly","S | M | L | XL","5021024","30","5","https://cdn.shopify.com/s/files/1/0095/8257/5680/products/youth-staple-tee-athletic-heather-front-623637adadb44.jpg | https://cdn.shopify.com/s/files/1/0095/8257/5680/products/youth-staple-tee-red-front-623637adadda3.jpg | https://cdn.shopify.com/s/files/1/0095/8257/5680/products/youth-staple-tee-true-royal-front-623637adadec3.jpg | https://cdn.shopify.com/s/files/1/0095/8257/5680/products/youth-staple-tee-kelly-front-623637adadfae.jpg | https://cdn.shopify.com/s/files/1/0095/8257/5680/products/youth-staple-tee-white-front-623637adae133.jpg","MyShirtsDope.com","manual","","true","/product/6598576144448  /product/underground-kingz-youth-shirt  301! | /product/6598576242752  /product/underground-kingz-youth-shirt  301! | /product/underground-kingz-youth-shirt-1  /product/underground-kingz-youth-shirt  301!","underground-kingz-youth-shirt-1","Underground Kingz youth shirt","gid://shopify/Product/6598576242752","2022-03-19T15:08:00-05:00","active","0","0","0.00","","0","12","Royal Blue | Heather Grey | Baby Pink","S | M | L | XL","1888246","54","3","https://cdn.shopify.com/s/files/1/0095/8257/5680/products/kids-hoodie-heather-grey-front-6236381e11acb.jpg | https://cdn.shopify.com/s/files/1/0095/8257/5680/products/kids-hoodie-royal-blue-front-6236381e11cf2.jpg | https://cdn.shopify.com/s/files/1/0095/8257/5680/products/kids-hoodie-baby-pink-front-6236381e11e59.jpg","MyShirtsDope.com","manual","","false","/product/underground-kingz-youth-shirt-1  /product/underground-kingz-youth-shirt  301!","","","","","","","","","","","","","","","","","","","","","",""
"wu kitty mug","MERGE","wu-kitty-mug","wu-kitty-mug-1","Same normalized title and vendor and fulfillment service; keep wu-kitty-mug because it has no lower recorded sales and the older record. Review flagged non-keeper-only variants before any archive.","true","true","true","false","","wu-kitty-mug:yes | wu-kitty-mug-1:no","wu-kitty-mug:/product/6703313682496  /product/wu-kitty-mug  301! | /product/6702728642624  /product/wu-kitty-mug  301! | /product/wu-kitty-mug-1  /product/wu-kitty-mug  301! || wu-kitty-mug-1:/product/wu-kitty-mug-1  /product/wu-kitty-mug  301!","wu-kitty-mug","Wu Kitty Mug","gid://shopify/Product/6702728642624","2023-01-31T17:02:44-06:00","active","0","0","0.00","","19998","2","11oz | 15oz","","6750878","24-30","6","https://cdn.shopify.com/s/files/1/0095/8257/5680/products/white-glossy-mug-11oz-front-view-63d99d391a97c.jpg | https://cdn.shopify.com/s/files/1/0095/8257/5680/products/white-glossy-mug-11oz-handle-on-right-63d99d39200fc.jpg | https://cdn.shopify.com/s/files/1/0095/8257/5680/products/white-glossy-mug-11oz-handle-on-left-63d99d3920190.jpg | https://cdn.shopify.com/s/files/1/0095/8257/5680/products/white-glossy-mug-15oz-handle-on-right-63d99d3920263.jpg | https://cdn.shopify.com/s/files/1/0095/8257/5680/products/white-glossy-mug-15oz-handle-on-left-63d99d39202bc.jpg | https://cdn.shopify.com/s/files/1/0095/8257/5680/products/white-glossy-mug-15oz-front-view-63d99d392030a.jpg","MyShirtsDope.com","manual","","true","/product/6703313682496  /product/wu-kitty-mug  301! | /product/6702728642624  /product/wu-kitty-mug  301! | /product/wu-kitty-mug-1  /product/wu-kitty-mug  301!","wu-kitty-mug-1","Wu Kitty mug","gid://shopify/Product/6703313682496","2023-02-02T11:26:17-06:00","active","0","0","0.00","","19998","2","11oz | 15oz","","5548238","24-30","6","https://cdn.shopify.com/s/files/1/0095/8257/5680/products/black-glossy-mug-black-11oz-front-63dbf1ea61d53.jpg | https://cdn.shopify.com/s/files/1/0095/8257/5680/products/black-glossy-mug-black-11oz-handle-on-left-63dbf1ea63d77.jpg | https://cdn.shopify.com/s/files/1/0095/8257/5680/products/black-glossy-mug-black-11oz-handle-on-right-63dbf1ea63e90.jpg | https://cdn.shopify.com/s/files/1/0095/8257/5680/products/black-glossy-mug-black-15oz-front-63dbf1ea63f57.jpg | https://cdn.shopify.com/s/files/1/0095/8257/5680/products/black-glossy-mug-black-15oz-handle-on-left-63dbf1ea63ff7.jpg | https://cdn.shopify.com/s/files/1/0095/8257/5680/products/black-glossy-mug-black-15oz-handle-on-right-63dbf1ea64078.jpg","MyShirtsDope.com","manual","","false","/product/wu-kitty-mug-1  /product/wu-kitty-mug  301!","","","","","","","","","","","","","","","","","","","","","",""
